domain,phylum,class,order,family,genus,species
Bacteria,Pseudomonadota,Gammaproteobacteria,Alteromonadales,Shewanellaceae,Shewanella,Shewanella putrefaciens
Bacteria,Bacillota,Clostridia,Eubacteriales,Oscillospiraceae,Faecalibacterium,Faecalibacterium prausnitzii
Bacteria,Actinomycetota,Actinomycetes,Micrococcales,Micrococcaceae,Pseudoglutamicibacter,Kocuria massiliensis
Bacteria,Pseudomonadota,Betaproteobacteria,Burkholderiales,Comamonadaceae,Comamonas,Comamonas composti
Bacteria,Bacillota,Bacilli,Lactobacillales,Streptococcaceae,Streptococcus,Streptococcus pneumoniae
Bacteria,Bacteroidota,Bacteroidia,Bacteroidales,Prevotellaceae,Hoylesella,Hoylesella buccalis
Bacteria,Actinomycetota,Actinomycetes,Mycobacteriales,Mycobacteriaceae,Mycobacterium,Mycobacterium asiaticum
Bacteria,Pseudomonadota,Alphaproteobacteria,Rickettsiales,Anaplasmataceae,Ehrlichia,Anaplasma phagocytophilum
Bacteria,Pseudomonadota,Gammaproteobacteria,Enterobacterales,Enterobacteriaceae,Enterobacter,Atlantibacter hermannii
Bacteria,Bacillota,Bacilli,Bacillales,Bacillaceae,Peribacillus,Peribacillus frigoritolerans
Bacteria,Bacillota,Negativicutes,Veillonellales,Veillonellaceae,Dialister,Allisonella histaminiformans
Bacteria,Actinomycetota,Actinomycetes,Mycobacteriales,Corynebacteriaceae,Corynebacterium,Corynebacterium fournieri
Bacteria,Pseudomonadota,Gammaproteobacteria,Enterobacterales,Yersiniaceae,Yersinia,Yersinia aleksiciae
Bacteria,Pseudomonadota,Alphaproteobacteria,Rickettsiales,Anaplasmataceae,Ehrlichia,Anaplasma phagocytophilum
Bacteria,Bacillota,Bacilli,Bacillales,Staphylococcaceae,Staphylococcus,Staphylococcus piscifermentans
Bacteria,Actinomycetota,Coriobacteriia,Coriobacteriales,Coriobacteriaceae,Collinsella,Collinsella aerofaciens
Bacteria,Pseudomonadota,Gammaproteobacteria,Enterobacterales,Enterobacteriaceae,Escherichia,Escherichia fergusonii
Bacteria,Bacillota,Tissierellia,Tissierellales,Peptoniphilaceae,Anaerococcus,Anaerococcus hydrogenalis
Bacteria,Pseudomonadota,Alphaproteobacteria,Acetobacterales,Acidocellaceae,Acidocella,Acidocella aluminiidurans
Bacteria,Bacillota,Bacilli,Bacillales,Staphylococcaceae,Staphylococcus,Staphylococcus epidermidis
Bacteria,Bacillota,Bacilli,Lactobacillales,Enterococcaceae,Enterococcus,Enterococcus faecium
Bacteria,Pseudomonadota,Gammaproteobacteria,Enterobacterales,Morganellaceae,Proteus,Proteus mirabilis
Bacteria,Pseudomonadota,Gammaproteobacteria,Enterobacterales,Yersiniaceae,Serratia,Serratia rubidaea
Bacteria,Actinomycetota,Actinomycetes,Mycobacteriales,Mycobacteriaceae,Mycolicibacterium,Mycolicibacterium flavescens
Bacteria,Bacillota,Bacilli,Lactobacillales,Lactobacillaceae,Lactobacillus,Lactobacillus fornicalis
Bacteria,Pseudomonadota,Gammaproteobacteria,Pseudomonadales,Pseudomonadaceae,Pseudomonas,Pseudomonas aeruginosa
Bacteria,Pseudomonadota,Betaproteobacteria,Neisseriales,Neisseriaceae,Neisseria,Morococcus cerebrosus
Bacteria,Bacteroidota,Flavobacteriia,Flavobacteriales,Flavobacteriaceae,Capnocytophaga,Capnocytophaga ochracea
Bacteria,Actinomycetota,Actinomycetes,Bifidobacteriales,Bifidobacteriaceae,Bifidobacterium,Bifidobacterium longum
Bacteria,Fusobacteriota,Fusobacteriia,Fusobacteriales,Fusobacteriaceae,Fusobacterium,Fusobacterium canifelinum
Bacteria,Bacteroidota,Flavobacteriia,Flavobacteriales,Weeksellaceae,Elizabethkingia,Elizabethkingia bruuniana
Bacteria,Bacillota,Bacilli,Lactobacillales,Enterococcaceae,Enterococcus,Enterococcus gallinarum
Bacteria,Pseudomonadota,Gammaproteobacteria,Enterobacterales,Erwiniaceae,Erwinia,Erwinia persicina
Bacteria,Pseudomonadota,Gammaproteobacteria,Moraxellales,Moraxellaceae,Acinetobacter,Acinetobacter radioresistens
Bacteria,Thermodesulfobacteriota,Desulfovibrionia,Desulfovibrionales,Desulfovibrionaceae,Bilophila,Bilophila wadsworthia
Bacteria,Bacillota,Clostridia,Eubacteriales,Eubacteriaceae,Eubacterium,Eubacterium aggregans
Bacteria,Pseudomonadota,Gammaproteobacteria,Enterobacterales,Morganellaceae,Providencia,Providencia rettgeri
Bacteria,Pseudomonadota,Gammaproteobacteria,Enterobacterales,Enterobacteriaceae,Enterobacter,Enterobacter asburiae
Bacteria,Actinomycetota,Actinomycetes,Mycobacteriales,Mycobacteriaceae,Mycobacteroides,Mycobacteroides abscessus
Bacteria,Actinomycetota,Coriobacteriia,Eggerthellales,Eggerthellaceae,Slackia,Slackia heliotrinireducens
Bacteria,Pseudomonadota,Gammaproteobacteria,Enterobacterales,Enterobacteriaceae,Edwardsiella,Edwardsiella hoshinae
Bacteria,Pseudomonadota,Gammaproteobacteria,Aeromonadales,Aeromonadaceae,Aeromonas,Aeromonas caviae
Bacteria,Actinomycetota,Actinomycetes,Mycobacteriales,Corynebacteriaceae,Corynebacterium,Corynebacterium amycolatum
Bacteria,Actinomycetota,Actinomycetes,Actinomycetales,Actinomycetaceae,Winkia,Winkia neuii
Bacteria,Pseudomonadota,Betaproteobacteria,Burkholderiales,Burkholderiaceae,Burkholderia,Burkholderia mallei
Bacteria,Actinomycetota,Actinomycetes,Actinomycetales,Actinomycetaceae,Mobiluncus,Mobiluncus curtisii
Bacteria,Actinomycetota,Actinomycetes,Mycobacteriales,Corynebacteriaceae,Corynebacterium,Corynebacterium accolens
Bacteria,Actinomycetota,Actinomycetes,Mycobacteriales,Corynebacteriaceae,Corynebacterium,Corynebacterium fournieri
Bacteria,Bacillota,Bacilli,Bacillales,Staphylococcaceae,Staphylococcus,Staphylococcus piscifermentans
Bacteria,Bacillota,Clostridia,Peptostreptococcales,Peptostreptococcaceae,Peptostreptococcus,Peptostreptococcus anaerobius
Bacteria,Bacteroidota,Bacteroidia,Bacteroidales,Bacteroidaceae,Bacteroides,Bacteroides uniformis
Bacteria,Pseudomonadota,Gammaproteobacteria,Enterobacterales,Erwiniaceae,Mixta,Mixta calida
Bacteria,Pseudomonadota,Gammaproteobacteria,Enterobacterales,Enterobacteriaceae,Raoultella,Raoultella ornithinolytica
Bacteria,Actinomycetota,Actinomycetes,Actinomycetales,Actinomycetaceae,Arcanobacterium,Arcanobacterium phocae
Bacteria,Pseudomonadota,Gammaproteobacteria,Aeromonadales,Aeromonadaceae,Aeromonas,Aeromonas veronii
Bacteria,Actinomycetota,Actinomycetes,Mycobacteriales,Corynebacteriaceae,Corynebacterium,Corynebacterium diphtheriae
Bacteria,Pseudomonadota,Gammaproteobacteria,Enterobacterales,Yersiniaceae,Serratia,Serratia grimesii
Bacteria,Bacillota,Bacilli,Lactobacillales,Streptococcaceae,Streptococcus,Streptococcus penaeicida
Bacteria,Actinomycetota,Actinomycetes,Actinomycetales,Actinomycetaceae,Actinomyces,Actinomyces oris
Bacteria,Pseudomonadota,Gammaproteobacteria,Pasteurellales,Pasteurellaceae,Haemophilus,Conservatibacter flavescens
Bacteria,Bacteroidota,Flavobacteriia,Flavobacteriales,Weeksellaceae,Empedobacter,Empedobacter brevis
Bacteria,Pseudomonadota,Gammaproteobacteria,Pseudomonadales,Pseudomonadaceae,Thiopseudomonas,Pseudomonas saudiphocaensis
Bacteria,Pseudomonadota,Gammaproteobacteria,Enterobacterales,Enterobacteriaceae,Escherichia,Escherichia fergusonii
Bacteria,Pseudomonadota,Gammaproteobacteria,Moraxellales,Moraxellaceae,Acinetobacter,Acinetobacter baumannii
Bacteria,Bacillota,Bacilli,Lactobacillales,Enterococcaceae,Enterococcus,Enterococcus pseudoavium
Bacteria,Bacillota,Bacilli,Lactobacillales,Streptococcaceae,Streptococcus,Streptococcus alactolyticus
Bacteria,Pseudomonadota,Gammaproteobacteria,Enterobacterales,Enterobacteriaceae,Raoultella,Raoultella terrigena
Bacteria,Pseudomonadota,Betaproteobacteria,Neisseriales,Chromobacteriaceae,Chromobacterium,Chromobacterium violaceum
Bacteria,Verrucomicrobiota,Verrucomicrobiia,Verrucomicrobiales,Verrucomicrobiaceae,Akkermansia,Akkermansia glycaniphila
Bacteria,Actinomycetota,Actinomycetes,Micrococcales,Micrococcaceae,Micrococcus,Micrococcus aloeverae
Bacteria,Pseudomonadota,Gammaproteobacteria,Enterobacterales,Enterobacteriaceae,Kluyvera,Klebsiella aerogenes
Bacteria,Bacillota,Bacilli,Lactobacillales,Enterococcaceae,Enterococcus,Enterococcus casseliflavus
Bacteria,Pseudomonadota,Gammaproteobacteria,Enterobacterales,Enterobacteriaceae,Citrobacter,Citrobacter murliniae
Bacteria,Pseudomonadota,Alphaproteobacteria,Caulobacterales,Caulobacteraceae,Brevundimonas,Brevundimonas vesicularis
Bacteria,Pseudomonadota,Betaproteobacteria,Burkholderiales,Alcaligenaceae,Achromobacter,Achromobacter insolitus
Bacteria,Bacillota,Bacilli,Bacillales,Paenibacillaceae,Brevibacillus,Brevibacillus brevis
Bacteria,Actinomycetota,Actinomycetes,Mycobacteriales,Corynebacteriaceae,Corynebacterium,Corynebacterium amycolatum
Bacteria,Pseudomonadota,Alphaproteobacteria,Caulobacterales,Caulobacteraceae,Brevundimonas,Brevundimonas aurantiaca
Bacteria,Pseudomonadota,Gammaproteobacteria,Enterobacterales,Morganellaceae,Providencia,Providencia rustigianii
Bacteria,Pseudomonadota,Betaproteobacteria,Burkholderiales,Comamonadaceae,Acidovorax,Acidovorax cavernicola
Bacteria,Campylobacterota,Epsilonproteobacteria,Campylobacterales,Campylobacteraceae,Campylobacter,Campylobacter insulaenigrae
Bacteria,Bacillota,Tissierellia,Tissierellales,Peptoniphilaceae,Peptoniphilus,Peptoniphilus faecalis
Bacteria,Actinomycetota,Actinomycetes,Propionibacteriales,Propionibacteriaceae,Cutibacterium,Cutibacterium acnes
Bacteria,Pseudomonadota,Gammaproteobacteria,Enterobacterales,Yersiniaceae,Serratia,Serratia grimesii
Bacteria,Pseudomonadota,Gammaproteobacteria,Enterobacterales,Enterobacteriaceae,Citrobacter,Citrobacter amalonaticus
Bacteria,Bacteroidota,Bacteroidia,Bacteroidales,Bacteroidaceae,Bacteroides,Bacteroides ovatus
Bacteria,Pseudomonadota,Gammaproteobacteria,Enterobacterales,Enterobacteriaceae,Enterobacter,Enterobacter asburiae
Bacteria,Bacillota,Bacilli,Lactobacillales,Lactobacillaceae,Limosilactobacillus,Limosilactobacillus fermentum
Bacteria,Bacillota,Negativicutes,Acidaminococcales,Acidaminococcaceae,Acidaminococcus,Acidaminococcus fermentans
Bacteria,Pseudomonadota,Gammaproteobacteria,Enterobacterales,Enterobacteriaceae,Citrobacter,Citrobacter freundii
Bacteria,Actinomycetota,Actinomycetes,Kitasatosporales,Streptomycetaceae,Streptomyces,Streptomyces griseoflavus
Bacteria,Bacillota,Negativicutes,Veillonellales,Veillonellaceae,Dialister,Allisonella histaminiformans
Bacteria,Actinomycetota,Actinomycetes,Mycobacteriales,Corynebacteriaceae,Corynebacterium,Corynebacterium glyciniphilum
Bacteria,Bacillota,Clostridia,Eubacteriales,Clostridiaceae,Clostridium,Clostridium butyricum
Bacteria,Pseudomonadota,Gammaproteobacteria,Enterobacterales,Erwiniaceae,Pantoea,Pantoea anthophila
Bacteria,Bacillota,Negativicutes,Veillonellales,Veillonellaceae,Dialister,Dialister invisus
Bacteria,Pseudomonadota,Gammaproteobacteria,Enterobacterales,Enterobacteriaceae,Enterobacter,Enterobacter kobei
Bacteria,Pseudomonadota,Gammaproteobacteria,Moraxellales,Moraxellaceae,Acinetobacter,Acinetobacter septicus
Bacteria,Pseudomonadota,Gammaproteobacteria,Enterobacterales,Morganellaceae,Providencia,Providencia stuartii
Bacteria,Bacillota,Bacilli,Lactobacillales,Aerococcaceae,Abiotrophia,Abiotrophia defectiva
Bacteria,Bacteroidota,Bacteroidia,Bacteroidales,Bacteroidaceae,Bacteroides,Bacteroides ovatus
Bacteria,Pseudomonadota,Betaproteobacteria,Burkholderiales,Alcaligenaceae,Oligella,Oligella urethralis
Bacteria,Actinomycetota,Coriobacteriia,Coriobacteriales,Coriobacteriaceae,Collinsella,Collinsella aerofaciens
Bacteria,Bacteroidota,Bacteroidia,Bacteroidales,Prevotellaceae,Prevotella,Prevotella disiens
Bacteria,Bacillota,Bacilli,Bacillales,Staphylococcaceae,Staphylococcus,Staphylococcus croceilyticus
Bacteria,Pseudomonadota,Gammaproteobacteria,Moraxellales,Moraxellaceae,Acinetobacter,Acinetobacter calcoaceticus
Bacteria,Actinomycetota,Actinomycetes,Micrococcales,Micrococcaceae,Micrococcus,Micrococcus aloeverae
Bacteria,Campylobacterota,Epsilonproteobacteria,Campylobacterales,Campylobacteraceae,Campylobacter,Campylobacter gracilis
Bacteria,Bacteroidota,Flavobacteriia,Flavobacteriales,Flavobacteriaceae,Myroides,Myroides gitamensis
Bacteria,Bacillota,Negativicutes,Veillonellales,Veillonellaceae,Dialister,Dialister micraerophilus
Bacteria,Bacillota,Negativicutes,Veillonellales,Veillonellaceae,Dialister,Allisonella histaminiformans
Bacteria,Pseudomonadota,Gammaproteobacteria,Moraxellales,Moraxellaceae,Moraxella,Moraxella osloensis
Bacteria,Actinomycetota,Actinomycetes,Actinomycetales,Actinomycetaceae,Actinotignum,Actinotignum schaalii
Bacteria,Bacillota,Bacilli,Lactobacillales,Streptococcaceae,Lactococcus,Lactococcus lactis
Bacteria,Pseudomonadota,Gammaproteobacteria,Enterobacterales,Enterobacteriaceae,Citrobacter,Citrobacter freundii
Bacteria,Bacillota,Bacilli,Bacillales,Staphylococcaceae,Staphylococcus,Staphylococcus capitis
Bacteria,Bacteroidota,Bacteroidia,Bacteroidales,Tannerellaceae,Parabacteroides,Parabacteroides distasonis
Bacteria,Actinomycetota,Actinomycetes,Mycobacteriales,Nocardiaceae,Nocardia,Nocardia asteroides
Bacteria,Actinomycetota,Actinomycetes,Mycobacteriales,Gordoniaceae,Gordonia,Gordonia hongkongensis
Bacteria,Pseudomonadota,Gammaproteobacteria,Enterobacterales,Enterobacteriaceae,Shigella,Escherichia fergusonii
Bacteria,Pseudomonadota,Gammaproteobacteria,Enterobacterales,Enterobacteriaceae,Klebsiella,Klebsiella aerogenes
Bacteria,Pseudomonadota,Gammaproteobacteria,Enterobacterales,Enterobacteriaceae,Klebsiella,Klebsiella quasipneumoniae
Bacteria,Pseudomonadota,Gammaproteobacteria,Enterobacterales,Enterobacteriaceae,Raoultella,Raoultella ornithinolytica
Bacteria,Bacillota,Bacilli,Bacillales,Staphylococcaceae,Staphylococcus,Staphylococcus hominis
Bacteria,Bacteroidota,Bacteroidia,Bacteroidales,Bacteroidaceae,Bacteroides,Bacteroides thetaiotaomicron
Bacteria,Bacillota,Bacilli,Lactobacillales,Streptococcaceae,Streptococcus,Streptococcus anginosus
Bacteria,Actinomycetota,Actinomycetes,Actinomycetales,Actinomycetaceae,Schaalia,Schaalia odontolytica
Bacteria,Pseudomonadota,Gammaproteobacteria,Pseudomonadales,Pseudomonadaceae,Pseudomonas,Pseudomonas mosselii
Bacteria,Actinomycetota,Actinomycetes,Mycobacteriales,Corynebacteriaceae,Corynebacterium,Corynebacterium falsenii
Bacteria,Pseudomonadota,Gammaproteobacteria,Vibrionales,Vibrionaceae,Vibrio,Vibrio chagasii
Bacteria,Bacteroidota,Bacteroidia,Bacteroidales,Prevotellaceae,Prevotella,Prevotella disiens
Bacteria,Bacillota,Bacilli,Bacillales,Bacillaceae,Peribacillus,Peribacillus frigoritolerans
Bacteria,Pseudomonadota,Gammaproteobacteria,Enterobacterales,Hafniaceae,Obesumbacterium,Obesumbacterium proteus
Bacteria,Actinomycetota,Coriobacteriia,Eggerthellales,Eggerthellaceae,Eggerthella,Eggerthella lenta
Bacteria,Bacteroidota,Bacteroidia,Bacteroidales,Rikenellaceae,Alistipes,Alistipes finegoldii
Bacteria,Bacteroidota,Bacteroidia,Bacteroidales,Bacteroidaceae,Bacteroides,Bacteroides thetaiotaomicron
Bacteria,Bacillota,Bacilli,Bacillales,Bacillaceae,Bacillus,Bacillus spizizenii
Bacteria,Bacillota,Clostridia,Lachnospirales,Lachnospiraceae,Blautia,Blautia argi
Bacteria,Pseudomonadota,Gammaproteobacteria,Enterobacterales,Enterobacteriaceae,Citrobacter,Citrobacter rodentium
Bacteria,Bacillota,Tissierellia,Tissierellales,Peptoniphilaceae,Urinicoccus,Peptoniphilus asaccharolyticus
Bacteria,Pseudomonadota,Alphaproteobacteria,Rickettsiales,Rickettsiaceae,Rickettsia,Rickettsia conorii
Bacteria,Bacillota,Clostridia,Eubacteriales,Oscillospiraceae,Pseudoruminococcus,Pseudoruminococcus massiliensis
Bacteria,Campylobacterota,Epsilonproteobacteria,Campylobacterales,Campylobacteraceae,Campylobacter,Campylobacter lari
Bacteria,Pseudomonadota,Gammaproteobacteria,Enterobacterales,Enterobacteriaceae,Enterobacter,Enterobacter asburiae
Bacteria,Bacillota,Tissierellia,Tissierellales,Peptoniphilaceae,Parvimonas,Parvimonas micra
Bacteria,Pseudomonadota,Gammaproteobacteria,Enterobacterales,Enterobacteriaceae,Buttiauxella,Buttiauxella izardii
Bacteria,Pseudomonadota,Gammaproteobacteria,Enterobacterales,Enterobacteriaceae,Salmonella,Salmonella enterica
Bacteria,Bacillota,Clostridia,Christensenellales,Christensenellaceae,Christensenella,Christensenella massiliensis
Bacteria,Mycoplasmatota,Unknown,Mycoplasmoidales,Mycoplasmoidaceae,Mycoplasmoides,Mycoplasmoides genitalium
Bacteria,Bacillota,Negativicutes,Veillonellales,Veillonellaceae,Veillonella,Veillonella atypica
Bacteria,Bacillota,Bacilli,Bacillales,Bacillaceae,Bacillus,Bacillus pseudomycoides
Bacteria,Bacillota,Erysipelotrichia,Erysipelotrichales,Coprobacillaceae,Thomasclavelia,Thomasclavelia cocleata
Bacteria,Bacillota,Clostridia,Eubacteriales,Oscillospiraceae,Acetivibrio,Acetivibrio straminisolvens
Bacteria,Bacillota,Bacilli,Bacillales,Bacillaceae,Heyndrickxia,Heyndrickxia oleronia
Bacteria,Pseudomonadota,Gammaproteobacteria,Enterobacterales,Yersiniaceae,Serratia,Serratia fonticola
Bacteria,Actinomycetota,Actinomycetes,Actinomycetales,Actinomycetaceae,Actinomyces,Actinomyces oris
Bacteria,Bacillota,Bacilli,Bacillales,Staphylococcaceae,Jeotgalicoccus,Jeotgalicoccus nanhaiensis
Bacteria,Pseudomonadota,Betaproteobacteria,Neisseriales,Neisseriaceae,Neisseria,Neisseria shayeganii
Bacteria,Pseudomonadota,Gammaproteobacteria,Moraxellales,Moraxellaceae,Moraxella,Moraxella osloensis
Bacteria,Pseudomonadota,Alphaproteobacteria,Hyphomicrobiales,Methylobacteriaceae,Microvirga,Microvirga lotononidis
Bacteria,Mycoplasmatota,Unknown,Mycoplasmoidales,Metamycoplasmataceae,Metamycoplasma,Metamycoplasma hominis
Bacteria,Bacteroidota,Bacteroidia,Bacteroidales,Bacteroidaceae,Bacteroides,Bacteroides caccae
Bacteria,Actinomycetota,Actinomycetes,Bifidobacteriales,Bifidobacteriaceae,Bifidobacterium,Bifidobacterium catenulatum
Bacteria,Bacillota,Bacilli,Lactobacillales,Streptococcaceae,Streptococcus,Streptococcus mitis
Bacteria,Bacillota,Bacilli,Lactobacillales,Lactobacillaceae,Lactobacillus,Lactobacillus gasseri
Bacteria,Pseudomonadota,Alphaproteobacteria,Caulobacterales,Caulobacteraceae,Brevundimonas,Brevundimonas diminuta
Bacteria,Bacillota,Bacilli,Bacillales,Staphylococcaceae,Staphylococcus,Staphylococcus epidermidis
Bacteria,Bacillota,Bacilli,Bacillales,Bacillaceae,Bacillus,Bacillus spizizenii
Bacteria,Actinomycetota,Actinomycetes,Mycobacteriales,Corynebacteriaceae,Corynebacterium,Corynebacterium falsenii
Bacteria,Pseudomonadota,Betaproteobacteria,Neisseriales,Neisseriaceae,Neisseria,Morococcus cerebrosus
Bacteria,Pseudomonadota,Betaproteobacteria,Burkholderiales,Alcaligenaceae,Achromobacter,Achromobacter animicus
Bacteria,Bacillota,Bacilli,Lactobacillales,Streptococcaceae,Streptococcus,Streptococcus alactolyticus
Bacteria,Actinomycetota,Actinomycetes,Mycobacteriales,Corynebacteriaceae,Corynebacterium,Corynebacterium glucuronolyticum
Bacteria,Pseudomonadota,Gammaproteobacteria,Enterobacterales,Enterobacteriaceae,Leclercia,Leclercia adecarboxylata
Bacteria,Actinomycetota,Actinomycetes,Actinomycetales,Actinomycetaceae,Arcanobacterium,Arcanobacterium hippocoleae
Bacteria,Pseudomonadota,Gammaproteobacteria,Enterobacterales,Enterobacteriaceae,Cronobacter,Cronobacter malonaticus
Bacteria,Bacillota,Bacilli,Lactobacillales,Streptococcaceae,Streptococcus,Streptococcus ilei
Bacteria,Bacillota,Bacilli,Bacillales,Staphylococcaceae,Staphylococcus,Staphylococcus arlettae
Bacteria,Bacillota,Clostridia,Lachnospirales,Lachnospiraceae,Anaerobutyricum,Anaerobutyricum soehngenii
Bacteria,Actinomycetota,Actinomycetes,Mycobacteriales,Corynebacteriaceae,Corynebacterium,Corynebacterium ulcerans
Bacteria,Bacteroidota,Bacteroidia,Bacteroidales,Bacteroidaceae,Bacteroides,Bacteroides thetaiotaomicron
Bacteria,Actinomycetota,Coriobacteriia,Coriobacteriales,Atopobiaceae,Lancefieldella,Lancefieldella rimae
Bacteria,Bacillota,Bacilli,Bacillales,Bacillaceae,Bacillus,Bacillus cereus
Bacteria,Pseudomonadota,Gammaproteobacteria,Moraxellales,Moraxellaceae,Acinetobacter,Acinetobacter gandensis
Bacteria,Bacteroidota,Flavobacteriia,Flavobacteriales,Weeksellaceae,Epilithonimonas,Epilithonimonas ginsengisoli
Bacteria,Bacillota,Bacilli,Lactobacillales,Enterococcaceae,Enterococcus,Enterococcus faecium
Bacteria,Bacillota,Clostridia,Lachnospirales,Lachnospiraceae,Blautia,Blautia producta
Bacteria,Bacillota,Bacilli,Lactobacillales,Carnobacteriaceae,Granulicatella,Abiotrophia defectiva
Bacteria,Pseudomonadota,Gammaproteobacteria,Enterobacterales,Enterobacteriaceae,Kluyvera,Kluyvera cryocrescens
Bacteria,Pseudomonadota,Alphaproteobacteria,Hyphomicrobiales,Brucellaceae,Brucella,Brucella canis
Bacteria,Pseudomonadota,Gammaproteobacteria,Enterobacterales,Enterobacteriaceae,Raoultella,Cedecea lapagei
Bacteria,Pseudomonadota,Gammaproteobacteria,Alteromonadales,Shewanellaceae,Shewanella,Shewanella putrefaciens
Bacteria,Actinomycetota,Actinomycetes,Actinomycetales,Actinomycetaceae,Arcanobacterium,Arcanobacterium haemolyticum
Bacteria,Bacteroidota,Bacteroidia,Bacteroidales,Bacteroidaceae,Bacteroides,Bacteroides thetaiotaomicron
Bacteria,Actinomycetota,Actinomycetes,Mycobacteriales,Mycobacteriaceae,Mycobacterium,Mycobacterium scrofulaceum
Bacteria,Pseudomonadota,Gammaproteobacteria,Enterobacterales,Morganellaceae,Morganella,Morganella morganii
Bacteria,Bacillota,Bacilli,Bacillales,Staphylococcaceae,Staphylococcus,Staphylococcus nepalensis
Bacteria,Pseudomonadota,Alphaproteobacteria,Hyphomicrobiales,Brucellaceae,Brucella,Brucella canis
Bacteria,Bacillota,Bacilli,Bacillales,Bacillaceae,Bacillus,Bacillus halotolerans
Bacteria,Actinomycetota,Actinomycetes,Propionibacteriales,Propionibacteriaceae,Cutibacterium,Acidipropionibacterium virtanenii
Bacteria,Bacillota,Bacilli,Lactobacillales,Enterococcaceae,Enterococcus,Enterococcus avium
Bacteria,Pseudomonadota,Gammaproteobacteria,Enterobacterales,Enterobacteriaceae,Pseudescherichia,Pseudescherichia vulneris
Bacteria,Bacillota,Bacilli,Lactobacillales,Streptococcaceae,Streptococcus,Streptococcus australis
Bacteria,Bacillota,Bacilli,Lactobacillales,Carnobacteriaceae,Granulicatella,Abiotrophia defectiva
Bacteria,Bacillota,Clostridia,Lachnospirales,Lachnospiraceae,Blautia,Blautia producta
Bacteria,Pseudomonadota,Gammaproteobacteria,Enterobacterales,Yersiniaceae,Serratia,Serratia liquefaciens
Bacteria,Pseudomonadota,Betaproteobacteria,Neisseriales,Neisseriaceae,Neisseria,Neisseria flavescens
Bacteria,Bacteroidota,Flavobacteriia,Flavobacteriales,Flavobacteriaceae,Ichthyenterobacterium,Ichthyenterobacterium magnum
Bacteria,Bacteroidota,Bacteroidia,Bacteroidales,Prevotellaceae,Hoylesella,Hoylesella buccalis
Bacteria,Pseudomonadota,Gammaproteobacteria,Enterobacterales,Enterobacteriaceae,Escherichia,Escherichia fergusonii
Bacteria,Pseudomonadota,Gammaproteobacteria,Aeromonadales,Aeromonadaceae,Aeromonas,Aeromonas lacus
Bacteria,Pseudomonadota,Gammaproteobacteria,Enterobacterales,Yersiniaceae,Serratia,Serratia rubidaea
Bacteria,Pseudomonadota,Betaproteobacteria,Burkholderiales,Alcaligenaceae,Alcaligenes,Alcaligenes aquatilis
Bacteria,Campylobacterota,Epsilonproteobacteria,Campylobacterales,Helicobacteraceae,Helicobacter,Helicobacter bilis
Bacteria,Actinomycetota,Actinomycetes,Mycobacteriales,Corynebacteriaceae,Corynebacterium,Corynebacterium minutissimum
Bacteria,Pseudomonadota,Gammaproteobacteria,Enterobacterales,Enterobacteriaceae,Edwardsiella,Edwardsiella hoshinae
Bacteria,Bacillota,Clostridia,Lachnospirales,Lachnospiraceae,Blautia,Blautia marasmi
Bacteria,Pseudomonadota,Gammaproteobacteria,Enterobacterales,Yersiniaceae,Serratia,Serratia myotis
Bacteria,Pseudomonadota,Alphaproteobacteria,Rickettsiales,Rickettsiaceae,Occidentia,Occidentia massiliensis
Bacteria,Actinomycetota,Actinomycetes,Mycobacteriales,Corynebacteriaceae,Corynebacterium,Corynebacterium amycolatum
Bacteria,Pseudomonadota,Betaproteobacteria,Neisseriales,Neisseriaceae,Neisseria,Morococcus cerebrosus
Bacteria,Actinomycetota,Actinomycetes,Micrococcales,Micrococcaceae,Rothia,Rothia dentocariosa
Bacteria,Actinomycetota,Actinomycetes,Micrococcales,Dermabacteraceae,Dermabacter,Dermabacter hominis
Bacteria,Pseudomonadota,Gammaproteobacteria,Aeromonadales,Aeromonadaceae,Aeromonas,Aeromonas dhakensis
Bacteria,Bacillota,Bacilli,Lactobacillales,Streptococcaceae,Streptococcus,Streptococcus mitis
Bacteria,Pseudomonadota,Gammaproteobacteria,Moraxellales,Moraxellaceae,Acinetobacter,Acinetobacter baumannii
Bacteria,Pseudomonadota,Gammaproteobacteria,Enterobacterales,Enterobacteriaceae,Citrobacter,Citrobacter koseri
Bacteria,Bacillota,Bacilli,Lactobacillales,Enterococcaceae,Enterococcus,Enterococcus gallinarum
Bacteria,Bacillota,Bacilli,Lactobacillales,Streptococcaceae,Streptococcus,Streptococcus alactolyticus
Bacteria,Bacillota,Bacilli,Lactobacillales,Aerococcaceae,Aerococcus,Aerococcus sanguinicola
Bacteria,Pseudomonadota,Gammaproteobacteria,Moraxellales,Moraxellaceae,Acinetobacter,Acinetobacter calcoaceticus
Bacteria,Bacillota,Bacilli,Lactobacillales,Streptococcaceae,Streptococcus,Streptococcus ilei
Bacteria,Pseudomonadota,Gammaproteobacteria,Enterobacterales,Enterobacteriaceae,Salmonella,Salmonella enterica
Bacteria,Pseudomonadota,Betaproteobacteria,Neisseriales,Neisseriaceae,Neisseria,Morococcus cerebrosus
Bacteria,Actinomycetota,Actinomycetes,Actinomycetales,Actinomycetaceae,Actinotignum,Actinotignum sanguinis
Bacteria,Bacteroidota,Bacteroidia,Bacteroidales,Bacteroidaceae,Bacteroides,Bacteroides uniformis
Bacteria,Bacillota,Bacilli,Bacillales,Staphylococcaceae,Staphylococcus,Staphylococcus hominis
Bacteria,Bacillota,Bacilli,Lactobacillales,Lactobacillaceae,Lactobacillus,Lactobacillus fornicalis
Bacteria,Pseudomonadota,Gammaproteobacteria,Enterobacterales,Enterobacteriaceae,Raoultella,Raoultella terrigena
Bacteria,Bacillota,Bacilli,Bacillales,Staphylococcaceae,Mammaliicoccus,Mammaliicoccus fleurettii
Bacteria,Actinomycetota,Actinomycetes,Actinomycetales,Actinomycetaceae,Actinomyces,Actinomyces oris
Bacteria,Bacteroidota,Flavobacteriia,Flavobacteriales,Flavobacteriaceae,Capnocytophaga,Capnocytophaga ochracea
Bacteria,Actinomycetota,Actinomycetes,Mycobacteriales,Nocardiaceae,Nocardia,Nocardia kruczakiae
Bacteria,Bacillota,Bacilli,Lactobacillales,Streptococcaceae,Streptococcus,Streptococcus dysgalactiae
Bacteria,Actinomycetota,Actinomycetes,Bifidobacteriales,Bifidobacteriaceae,Bifidobacterium,Bifidobacterium bifidum
Bacteria,Verrucomicrobiota,Verrucomicrobiia,Verrucomicrobiales,Verrucomicrobiaceae,Prosthecobacter,Akkermansia glycaniphila
Bacteria,Pseudomonadota,Gammaproteobacteria,Enterobacterales,Hafniaceae,Obesumbacterium,Obesumbacterium proteus
Bacteria,Pseudomonadota,Gammaproteobacteria,Enterobacterales,Enterobacteriaceae,Enterobacter,Enterobacter kobei
Bacteria,Bacillota,Bacilli,Lactobacillales,Lactobacillaceae,Limosilactobacillus,Limosilactobacillus fermentum
Bacteria,Pseudomonadota,Alphaproteobacteria,Sphingomonadales,Sphingomonadaceae,Sphingobium,Sphingobium rhizovicinum
Bacteria,Bacillota,Bacilli,Bacillales,Paenibacillaceae,Paenibacillus,Paenibacillus alvei
Bacteria,Pseudomonadota,Gammaproteobacteria,Pseudomonadales,Pseudomonadaceae,Stutzerimonas,Stutzerimonas stutzeri
Bacteria,Bacillota,Erysipelotrichia,Erysipelotrichales,Coprobacillaceae,Thomasclavelia,Thomasclavelia cocleata
Bacteria,Bacillota,Bacilli,Lactobacillales,Lactobacillaceae,Limosilactobacillus,Limosilactobacillus panis
Bacteria,Pseudomonadota,Gammaproteobacteria,Pseudomonadales,Pseudomonadaceae,Aquipseudomonas,Aquipseudomonas alcaligenes
Bacteria,Actinomycetota,Coriobacteriia,Coriobacteriales,Atopobiaceae,Atopobium,Atopobium massiliense
Bacteria,Bacteroidota,Bacteroidia,Bacteroidales,Prevotellaceae,Xylanibacter,Prevotella amnii
Bacteria,Bacillota,Bacilli,Lactobacillales,Lactobacillaceae,Lactobacillus,Lactobacillus johnsonii
Bacteria,Pseudomonadota,Betaproteobacteria,Burkholderiales,Burkholderiaceae,Burkholderia,Burkholderia mallei
Bacteria,Pseudomonadota,Gammaproteobacteria,Enterobacterales,Enterobacteriaceae,Kluyvera,Kluyvera intermedia
Bacteria,Pseudomonadota,Gammaproteobacteria,Aeromonadales,Aeromonadaceae,Aeromonas,Aeromonas encheleia
Bacteria,Bacillota,Bacilli,Lactobacillales,Lactobacillaceae,Lacticaseibacillus,Lacticaseibacillus casei
Bacteria,Pseudomonadota,Gammaproteobacteria,Enterobacterales,Enterobacteriaceae,Citrobacter,Citrobacter amalonaticus
Bacteria,Pseudomonadota,Gammaproteobacteria,Enterobacterales,Enterobacteriaceae,Salmonella,Salmonella enterica
Bacteria,Actinomycetota,Actinomycetes,Bifidobacteriales,Bifidobacteriaceae,Bifidobacterium,Bifidobacterium longum
Bacteria,Pseudomonadota,Gammaproteobacteria,Moraxellales,Moraxellaceae,Acinetobacter,Acinetobacter johnsonii
Bacteria,Actinomycetota,Actinomycetes,Micrococcales,Microbacteriaceae,Cryobacterium,Cryobacterium roopkundense
Bacteria,Bacillota,Clostridia,Eubacteriales,Oscillospiraceae,Faecalibacterium,Faecalibacterium prausnitzii
Bacteria,Actinomycetota,Coriobacteriia,Coriobacteriales,Coriobacteriaceae,Collinsella,Collinsella aerofaciens
Bacteria,Bacillota,Bacilli,Lactobacillales,Streptococcaceae,Lactococcus,Lactococcus garvieae
Bacteria,Pseudomonadota,Gammaproteobacteria,Enterobacterales,Enterobacteriaceae,Atlantibacter,Atlantibacter hermannii
Bacteria,Bacillota,Bacilli,Lactobacillales,Streptococcaceae,Streptococcus,Streptococcus alactolyticus
Bacteria,Bacillota,Bacilli,Lactobacillales,Streptococcaceae,Streptococcus,Streptococcus dysgalactiae
Bacteria,Bacillota,Tissierellia,Tissierellales,Peptoniphilaceae,Anaerococcus,Anaerococcus marasmi
Bacteria,Actinomycetota,Actinomycetes,Mycobacteriales,Corynebacteriaceae,Corynebacterium,Corynebacterium fournieri
Bacteria,Actinomycetota,Actinomycetes,Mycobacteriales,Nocardiaceae,Nocardia,Nocardia asteroides
Bacteria,Pseudomonadota,Gammaproteobacteria,Enterobacterales,Enterobacteriaceae,Salmonella,Salmonella enterica
Bacteria,Bacillota,Bacilli,Bacillales,Gemellaceae,Gemella,Gemella morbillorum
Bacteria,Pseudomonadota,Gammaproteobacteria,Enterobacterales,Yersiniaceae,Serratia,Serratia fonticola
Bacteria,Bacillota,Bacilli,Bacillales,Bacillaceae,Heyndrickxia,Heyndrickxia oleronia
Bacteria,Pseudomonadota,Gammaproteobacteria,Enterobacterales,Enterobacteriaceae,Citrobacter,Citrobacter rodentium
Bacteria,Bacillota,Bacilli,Bacillales,Bacillaceae,Bacillus,Bacillus licheniformis
Bacteria,Actinomycetota,Actinomycetes,Bifidobacteriales,Bifidobacteriaceae,Bifidobacterium,Bifidobacterium catenulatum
Bacteria,Bacillota,Bacilli,Lactobacillales,Enterococcaceae,Enterococcus,Enterococcus faecium
Bacteria,Bacillota,Bacilli,Bacillales,Paenibacillaceae,Brevibacillus,Brevibacillus parabrevis
Bacteria,Bacillota,Bacilli,Lactobacillales,Streptococcaceae,Streptococcus,Streptococcus australis
Bacteria,Campylobacterota,Epsilonproteobacteria,Campylobacterales,Campylobacteraceae,Campylobacter,Campylobacter lari
Bacteria,Pseudomonadota,Gammaproteobacteria,Aeromonadales,Aeromonadaceae,Aeromonas,Aeromonas encheleia
Bacteria,Pseudomonadota,Gammaproteobacteria,Enterobacterales,Enterobacteriaceae,Citrobacter,Citrobacter freundii
Bacteria,Pseudomonadota,Gammaproteobacteria,Enterobacterales,Yersiniaceae,Serratia,Serratia rubidaea
Bacteria,Pseudomonadota,Gammaproteobacteria,Enterobacterales,Erwiniaceae,Mixta,Mixta calida
Bacteria,Bacillota,Bacilli,Lactobacillales,Aerococcaceae,Facklamia,Facklamia hominis
Bacteria,Actinomycetota,Actinomycetes,Mycobacteriales,Corynebacteriaceae,Corynebacterium,Corynebacterium amycolatum
Bacteria,Pseudomonadota,Gammaproteobacteria,Enterobacterales,Enterobacteriaceae,Trabulsiella,Atlantibacter hermannii
Bacteria,Pseudomonadota,Gammaproteobacteria,Enterobacterales,Yersiniaceae,Serratia,Serratia fonticola
Bacteria,Actinomycetota,Actinomycetes,Mycobacteriales,Corynebacteriaceae,Corynebacterium,Corynebacterium phoceense
Bacteria,Pseudomonadota,Betaproteobacteria,Neisseriales,Neisseriaceae,Neisseria,Morococcus cerebrosus
Bacteria,Pseudomonadota,Gammaproteobacteria,Pseudomonadales,Pseudomonadaceae,Pseudomonas,Pseudomonas azotoformans
Bacteria,Bacillota,Bacilli,Lactobacillales,Enterococcaceae,Enterococcus,Enterococcus pseudoavium
Bacteria,Actinomycetota,Actinomycetes,Actinomycetales,Actinomycetaceae,Actinomyces,Actinomyces bovis
Bacteria,Actinomycetota,Actinomycetes,Mycobacteriales,Mycobacteriaceae,Mycobacterium,Mycobacterium tuberculosis
Bacteria,Actinomycetota,Actinomycetes,Micrococcales,Micrococcaceae,Micrococcus,Micrococcus aloeverae
Bacteria,Bacillota,Bacilli,Bacillales,Staphylococcaceae,Staphylococcus,Staphylococcus agnetis
Bacteria,Actinomycetota,Actinomycetes,Actinomycetales,Actinomycetaceae,Actinotignum,Actinotignum schaalii
Bacteria,Bacillota,Bacilli,Lactobacillales,Lactobacillaceae,Lactobacillus,Lactobacillus acidophilus
Bacteria,Pseudomonadota,Gammaproteobacteria,Aeromonadales,Aeromonadaceae,Aeromonas,Aeromonas encheleia
Bacteria,Bacteroidota,Bacteroidia,Bacteroidales,Prevotellaceae,Prevotella,Prevotella disiens
Bacteria,Bacillota,Bacilli,Lactobacillales,Streptococcaceae,Lactococcus,Lactococcus garvieae
Bacteria,Pseudomonadota,Gammaproteobacteria,Enterobacterales,Hafniaceae,Obesumbacterium,Obesumbacterium proteus
Bacteria,Pseudomonadota,Betaproteobacteria,Burkholderiales,Alcaligenaceae,Achromobacter,Achromobacter xylosoxidans
Bacteria,Pseudomonadota,Gammaproteobacteria,Pseudomonadales,Pseudomonadaceae,Pseudomonas,Pseudomonas azotoformans
Bacteria,Actinomycetota,Actinomycetes,Bifidobacteriales,Bifidobacteriaceae,Bifidobacterium,Bifidobacterium catenulatum
Bacteria,Campylobacterota,Epsilonproteobacteria,Campylobacterales,Campylobacteraceae,Campylobacter,Campylobacter corcagiensis
Bacteria,Actinomycetota,Actinomycetes,Actinomycetales,Actinomycetaceae,Winkia,Winkia neuii
Bacteria,Actinomycetota,Coriobacteriia,Eggerthellales,Eggerthellaceae,Eggerthella,Eggerthella lenta
Bacteria,Bacillota,Clostridia,Eubacteriales,Oscillospiraceae,Pseudoruminococcus,Pseudoruminococcus massiliensis
Bacteria,Pseudomonadota,Gammaproteobacteria,Enterobacterales,Enterobacteriaceae,Buttiauxella,Buttiauxella brennerae
Bacteria,Actinomycetota,Actinomycetes,Kitasatosporales,Streptomycetaceae,Streptomyces,Streptomyces griseoflavus
Bacteria,Bacteroidota,Bacteroidia,Bacteroidales,Prevotellaceae,Hoylesella,Hoylesella buccalis
Bacteria,Pseudomonadota,Gammaproteobacteria,Lysobacterales,Lysobacteraceae,Xanthomonas,Xanthomonas arboricola
Bacteria,Pseudomonadota,Gammaproteobacteria,Moraxellales,Moraxellaceae,Moraxella,Moraxella osloensis
Bacteria,Pseudomonadota,Gammaproteobacteria,Enterobacterales,Yersiniaceae,Yersinia,Yersinia frederiksenii
Bacteria,Bacteroidota,Bacteroidia,Bacteroidales,Porphyromonadaceae,Porphyromonas,Porphyromonas bennonis
Bacteria,Pseudomonadota,Gammaproteobacteria,Pseudomonadales,Pseudomonadaceae,Pseudomonas,Pseudomonas antarctica
Bacteria,Bacteroidota,Bacteroidia,Bacteroidales,Bacteroidaceae,Bacteroides,Bacteroides cellulosilyticus
Bacteria,Pseudomonadota,Gammaproteobacteria,Enterobacterales,Enterobacteriaceae,Enterobacter,Enterobacter asburiae
Bacteria,Pseudomonadota,Gammaproteobacteria,Aeromonadales,Aeromonadaceae,Aeromonas,Aeromonas encheleia
Bacteria,Bacillota,Bacilli,Lactobacillales,Enterococcaceae,Enterococcus,Enterococcus faecium
Bacteria,Bacillota,Bacilli,Bacillales,Staphylococcaceae,Staphylococcus,Staphylococcus hominis
Bacteria,Pseudomonadota,Gammaproteobacteria,Enterobacterales,Enterobacteriaceae,Shigella,Escherichia fergusonii
Bacteria,Pseudomonadota,Gammaproteobacteria,Enterobacterales,Hafniaceae,Obesumbacterium,Obesumbacterium proteus
Bacteria,Actinomycetota,Actinomycetes,Mycobacteriales,Corynebacteriaceae,Corynebacterium,Corynebacterium glyciniphilum
Bacteria,Bacillota,Bacilli,Bacillales,Staphylococcaceae,Staphylococcus,Staphylococcus hominis
Bacteria,Pseudomonadota,Gammaproteobacteria,Enterobacterales,Morganellaceae,Providencia,Providencia stuartii
Bacteria,Bacillota,Bacilli,Lactobacillales,Lactobacillaceae,Limosilactobacillus,Limosilactobacillus reuteri
Bacteria,Bacteroidota,Bacteroidia,Bacteroidales,Bacteroidaceae,Phocaeicola,Phocaeicola vulgatus
Bacteria,Bacillota,Bacilli,Bacillales,Staphylococcaceae,Staphylococcus,Staphylococcus chromogenes
Bacteria,Bacillota,Bacilli,Bacillales,Staphylococcaceae,Staphylococcus,Staphylococcus capitis
Bacteria,Pseudomonadota,Gammaproteobacteria,Enterobacterales,Yersiniaceae,Serratia,Serratia rubidaea
Bacteria,Bacillota,Bacilli,Bacillales,Bacillaceae,Peribacillus,Peribacillus frigoritolerans
Bacteria,Pseudomonadota,Gammaproteobacteria,Moraxellales,Moraxellaceae,Acinetobacter,Acinetobacter septicus
Bacteria,Pseudomonadota,Gammaproteobacteria,Moraxellales,Moraxellaceae,Acinetobacter,Acinetobacter bereziniae
Bacteria,Bacillota,Bacilli,Lactobacillales,Streptococcaceae,Streptococcus,Streptococcus mitis
Bacteria,Bacillota,Clostridia,Peptostreptococcales,Peptostreptococcaceae,Paraclostridium,Paraclostridium bifermentans
Bacteria,Actinomycetota,Actinomycetes,Actinomycetales,Actinomycetaceae,Gleimia,Gleimia europaea
Bacteria,Bacillota,Bacilli,Lactobacillales,Streptococcaceae,Streptococcus,Streptococcus ilei
Bacteria,Bacillota,Tissierellia,Tissierellales,Peptoniphilaceae,Anaerococcus,Anaerococcus jeddahensis
Bacteria,Campylobacterota,Epsilonproteobacteria,Campylobacterales,Campylobacteraceae,Campylobacter,Campylobacter insulaenigrae
Bacteria,Bacteroidota,Flavobacteriia,Flavobacteriales,Flavobacteriaceae,Myroides,Myroides gitamensis
Bacteria,Bacillota,Negativicutes,Veillonellales,Veillonellaceae,Veillonella,Veillonella dispar
Bacteria,Bacillota,Bacilli,Bacillales,Staphylococcaceae,Staphylococcus,Staphylococcus chromogenes
Bacteria,Bacillota,Clostridia,Eubacteriales,Clostridiaceae,Clostridium,Clostridium butyricum
Bacteria,Bacillota,Bacilli,Bacillales,Bacillaceae,Peribacillus,Peribacillus butanolivorans
Bacteria,Bacillota,Bacilli,Lactobacillales,Streptococcaceae,Streptococcus,Streptococcus gordonii
Bacteria,Actinomycetota,Actinomycetes,Micrococcales,Microbacteriaceae,Microbacterium,Microbacterium oryzae
Bacteria,Bacillota,Bacilli,Lactobacillales,Streptococcaceae,Streptococcus,Streptococcus acidominimus
Bacteria,Bacteroidota,Bacteroidia,Bacteroidales,Porphyromonadaceae,Porphyromonas,Porphyromonas uenonis
Bacteria,Pseudomonadota,Gammaproteobacteria,Enterobacterales,Enterobacteriaceae,Citrobacter,Citrobacter amalonaticus
Bacteria,Pseudomonadota,Gammaproteobacteria,Enterobacterales,Enterobacteriaceae,Raoultella,Raoultella terrigena
Bacteria,Actinomycetota,Actinomycetes,Mycobacteriales,Nocardiaceae,Nocardia,Nocardia asteroides
Bacteria,Actinomycetota,Actinomycetes,Actinomycetales,Actinomycetaceae,Schaalia,Schaalia odontolytica
Bacteria,Bacillota,Bacilli,Bacillales,Paenibacillaceae,Paenibacillus,Paenibacillus pabuli
Bacteria,Actinomycetota,Actinomycetes,Actinomycetales,Actinomycetaceae,Arcanobacterium,Arcanobacterium haemolyticum
Bacteria,Pseudomonadota,Gammaproteobacteria,Aeromonadales,Aeromonadaceae,Aeromonas,Aeromonas salmonicida
Bacteria,Bacillota,Bacilli,Lactobacillales,Enterococcaceae,Enterococcus,Enterococcus faecium
Bacteria,Actinomycetota,Actinomycetes,Mycobacteriales,Mycobacteriaceae,Mycobacterium,Mycobacterium intracellulare
Bacteria,Pseudomonadota,Betaproteobacteria,Burkholderiales,Alcaligenaceae,Oligella,Oligella urethralis
Bacteria,Bacillota,Bacilli,Lactobacillales,Enterococcaceae,Enterococcus,Enterococcus faecium
Bacteria,Pseudomonadota,Gammaproteobacteria,Enterobacterales,Enterobacteriaceae,Salmonella,Salmonella enterica
Bacteria,Bacteroidota,Bacteroidia,Bacteroidales,Bacteroidaceae,Bacteroides,Bacteroides ovatus
Bacteria,Bacillota,Bacilli,Lactobacillales,Streptococcaceae,Streptococcus,Streptococcus anginosus
Bacteria,Pseudomonadota,Gammaproteobacteria,Enterobacterales,Enterobacteriaceae,Raoultella,Raoultella ornithinolytica
Bacteria,Actinomycetota,Actinomycetes,Mycobacteriales,Corynebacteriaceae,Corynebacterium,Corynebacterium minutissimum
Bacteria,Bacteroidota,Bacteroidia,Bacteroidales,Bacteroidaceae,Bacteroides,Bacteroides fragilis
Bacteria,Actinomycetota,Actinomycetes,Mycobacteriales,Corynebacteriaceae,Corynebacterium,Corynebacterium diphtheriae
Bacteria,Bacillota,Bacilli,Lactobacillales,Lactobacillaceae,Pediococcus,Pediococcus claussenii
Bacteria,Bacillota,Bacilli,Bacillales,Staphylococcaceae,Staphylococcus,Staphylococcus nepalensis
Bacteria,Bacillota,Bacilli,Lactobacillales,Streptococcaceae,Streptococcus,Streptococcus australis
Bacteria,Actinomycetota,Actinomycetes,Micrococcales,Micrococcaceae,Micrococcus,Micrococcus aloeverae
Bacteria,Bacillota,Bacilli,Lactobacillales,Streptococcaceae,Streptococcus,Streptococcus dysgalactiae
Bacteria,Bacillota,Bacilli,Lactobacillales,Lactobacillaceae,Lactobacillus,Lactobacillus crispatus
Bacteria,Pseudomonadota,Gammaproteobacteria,Enterobacterales,Enterobacteriaceae,Salmonella,Salmonella enterica
Bacteria,Bacillota,Bacilli,Bacillales,Paenibacillaceae,Brevibacillus,Brevibacillus agri
Bacteria,Bacteroidota,Bacteroidia,Bacteroidales,Prevotellaceae,Prevotella,Prevotella disiens
Bacteria,Bacillota,Bacilli,Lactobacillales,Streptococcaceae,Streptococcus,Streptococcus penaeicida
Bacteria,Bacillota,Bacilli,Lactobacillales,Streptococcaceae,Streptococcus,Streptococcus mitis
Bacteria,Bacillota,Bacilli,Bacillales,Gemellaceae,Gemella,Gemella morbillorum
Bacteria,Bacillota,Clostridia,Eubacteriales,Oscillospiraceae,Pseudoruminococcus,Pseudoruminococcus massiliensis
Bacteria,Bacillota,Bacilli,Lactobacillales,Lactobacillaceae,Lactobacillus,Lactobacillus delbrueckii
Bacteria,Pseudomonadota,Gammaproteobacteria,Enterobacterales,Enterobacteriaceae,Raoultella,Raoultella ornithinolytica
Bacteria,Actinomycetota,Actinomycetes,Bifidobacteriales,Bifidobacteriaceae,Bifidobacterium,Bifidobacterium longum
Bacteria,Pseudomonadota,Betaproteobacteria,Burkholderiales,Comamonadaceae,Delftia,Delftia acidovorans
Bacteria,Bacillota,Clostridia,Eubacteriales,Oscillospiraceae,Anaerobacterium,Anaerobacterium chartisolvens
Bacteria,Actinomycetota,Actinomycetes,Mycobacteriales,Corynebacteriaceae,Corynebacterium,Corynebacterium casei
Bacteria,Actinomycetota,Actinomycetes,Mycobacteriales,Nocardiaceae,Nocardia,Nocardia asiatica
Bacteria,Bacteroidota,Bacteroidia,Bacteroidales,Bacteroidaceae,Phocaeicola,Phocaeicola vulgatus
Bacteria,Actinomycetota,Actinomycetes,Propionibacteriales,Propionibacteriaceae,Cutibacterium,Acidipropionibacterium virtanenii
Bacteria,Bacillota,Bacilli,Bacillales,Staphylococcaceae,Staphylococcus,Staphylococcus agnetis
Bacteria,Actinomycetota,Actinomycetes,Actinomycetales,Actinomycetaceae,Actinomyces,Actinomyces oris
Bacteria,Bacteroidota,Bacteroidia,Bacteroidales,Bacteroidaceae,Bacteroides,Bacteroides fragilis
Bacteria,Pseudomonadota,Gammaproteobacteria,Enterobacterales,Enterobacteriaceae,Enterobacter,Enterobacter kobei
Bacteria,Verrucomicrobiota,Verrucomicrobiia,Verrucomicrobiales,Verrucomicrobiaceae,Prosthecobacter,Akkermansia glycaniphila
Bacteria,Pseudomonadota,Gammaproteobacteria,Pasteurellales,Pasteurellaceae,Mannheimia,Mannheimia haemolytica
Bacteria,Bacillota,Bacilli,Bacillales,Sporolactobacillaceae,Sporolactobacillus,Sporolactobacillus terrae
Bacteria,Pseudomonadota,Alphaproteobacteria,Hyphomicrobiales,Methylobacteriaceae,Methylorubrum,Methylorubrum podarium
Bacteria,Pseudomonadota,Gammaproteobacteria,Enterobacterales,Enterobacteriaceae,Buttiauxella,Buttiauxella izardii
Bacteria,Bacillota,Bacilli,Bacillales,Staphylococcaceae,Mammaliicoccus,Mammaliicoccus fleurettii
Bacteria,Actinomycetota,Actinomycetes,Mycobacteriales,Corynebacteriaceae,Corynebacterium,Corynebacterium fournieri
Bacteria,Actinomycetota,Actinomycetes,Actinomycetales,Actinomycetaceae,Arcanobacterium,Arcanobacterium haemolyticum
Bacteria,Bacillota,Bacilli,Lactobacillales,Lactobacillaceae,Leuconostoc,Leuconostoc pseudomesenteroides
Bacteria,Bacillota,Clostridia,Eubacteriales,Clostridiaceae,Clostridium,Clostridium putrefaciens
Bacteria,Pseudomonadota,Gammaproteobacteria,Enterobacterales,Enterobacteriaceae,Klebsiella,Klebsiella quasipneumoniae
Bacteria,Bacillota,Clostridia,Eubacteriales,Clostridiaceae,Clostridium,Clostridium acidisoli
Bacteria,Bacillota,Bacilli,Bacillales,Bacillaceae,Bacillus,Bacillus amyloliquefaciens
Bacteria,Pseudomonadota,Gammaproteobacteria,Enterobacterales,Enterobacteriaceae,Citrobacter,Citrobacter koseri
Bacteria,Pseudomonadota,Betaproteobacteria,Neisseriales,Neisseriaceae,Eikenella,Eikenella corrodens
Bacteria,Bacillota,Bacilli,Bacillales,Bacillaceae,Bacillus,Bacillus amyloliquefaciens
Bacteria,Pseudomonadota,Gammaproteobacteria,Enterobacterales,Enterobacteriaceae,Enterobacter,Enterobacter kobei
Bacteria,Bacillota,Bacilli,Lactobacillales,Streptococcaceae,Streptococcus,Streptococcus canis
Bacteria,Pseudomonadota,Gammaproteobacteria,Thiotrichales,Francisellaceae,Francisella,Francisella tularensis
Bacteria,Pseudomonadota,Betaproteobacteria,Burkholderiales,Burkholderiaceae,Ralstonia,Ralstonia pickettii
Bacteria,Pseudomonadota,Betaproteobacteria,Burkholderiales,Burkholderiaceae,Cupriavidus,Cupriavidus agavae
Bacteria,Actinomycetota,Actinomycetes,Propionibacteriales,Propionibacteriaceae,Cutibacterium,Cutibacterium acnes
Bacteria,Pseudomonadota,Gammaproteobacteria,Vibrionales,Vibrionaceae,Vibrio,Vibrio chagasii
Bacteria,Pseudomonadota,Gammaproteobacteria,Enterobacterales,Yersiniaceae,Serratia,Serratia fonticola
Bacteria,Campylobacterota,Epsilonproteobacteria,Campylobacterales,Arcobacteraceae,Aliarcobacter,Aliarcobacter cibarius
Bacteria,Bacillota,Bacilli,Lactobacillales,Lactobacillaceae,Pediococcus,Pediococcus claussenii
Bacteria,Campylobacterota,Epsilonproteobacteria,Campylobacterales,Helicobacteraceae,Helicobacter,Helicobacter rodentium
Bacteria,Actinomycetota,Actinomycetes,Mycobacteriales,Corynebacteriaceae,Corynebacterium,Corynebacterium imitans
Bacteria,Bacillota,Bacilli,Bacillales,Bacillaceae,Bacillus,Bacillus spizizenii
Bacteria,Bacillota,Bacilli,Lactobacillales,Enterococcaceae,Enterococcus,Enterococcus casseliflavus
Bacteria,Pseudomonadota,Gammaproteobacteria,Enterobacterales,Enterobacteriaceae,Escherichia,Escherichia fergusonii
Bacteria,Bacteroidota,Flavobacteriia,Flavobacteriales,Weeksellaceae,Chryseobacterium,Chryseobacterium bernardetii
Bacteria,Pseudomonadota,Gammaproteobacteria,Enterobacterales,Enterobacteriaceae,Klebsiella,Klebsiella aerogenes
Bacteria,Verrucomicrobiota,Verrucomicrobiia,Verrucomicrobiales,Verrucomicrobiaceae,Akkermansia,Akkermansia glycaniphila
Bacteria,Actinomycetota,Actinomycetes,Mycobacteriales,Corynebacteriaceae,Corynebacterium,Corynebacterium amycolatum
Bacteria,Actinomycetota,Actinomycetes,Actinomycetales,Actinomycetaceae,Schaalia,Schaalia odontolytica
Bacteria,Pseudomonadota,Gammaproteobacteria,Enterobacterales,Enterobacteriaceae,Cronobacter,Cronobacter condimenti
Bacteria,Bacillota,Bacilli,Bacillales,Staphylococcaceae,Staphylococcus,Staphylococcus agnetis
Bacteria,Actinomycetota,Actinomycetes,Mycobacteriales,Nocardiaceae,Nocardia,Nocardia kruczakiae
Bacteria,Pseudomonadota,Gammaproteobacteria,Enterobacterales,Morganellaceae,Proteus,Proteus cibi
Bacteria,Campylobacterota,Epsilonproteobacteria,Campylobacterales,Campylobacteraceae,Campylobacter,Campylobacter insulaenigrae
Bacteria,Pseudomonadota,Gammaproteobacteria,Enterobacterales,Enterobacteriaceae,Citrobacter,Citrobacter freundii
Bacteria,Actinomycetota,Actinomycetes,Mycobacteriales,Corynebacteriaceae,Corynebacterium,Corynebacterium accolens
Bacteria,Pseudomonadota,Gammaproteobacteria,Enterobacterales,Enterobacteriaceae,Enterobacter,Enterobacter asburiae
Bacteria,Pseudomonadota,Gammaproteobacteria,Enterobacterales,Enterobacteriaceae,Enterobacter,Enterobacter asburiae
Bacteria,Pseudomonadota,Gammaproteobacteria,Pasteurellales,Pasteurellaceae,Haemophilus,Conservatibacter flavescens
Bacteria,Pseudomonadota,Gammaproteobacteria,Lysobacterales,Lysobacteraceae,Xanthomonas,Xanthomonas arboricola
Bacteria,Pseudomonadota,Alphaproteobacteria,Hyphomicrobiales,Methylobacteriaceae,Methylorubrum,Methylorubrum podarium
Bacteria,Pseudomonadota,Gammaproteobacteria,Pseudomonadales,Pseudomonadaceae,Pseudomonas,Pseudomonas benzenivorans
Bacteria,Bacillota,Bacilli,Lactobacillales,Streptococcaceae,Streptococcus,Streptococcus dysgalactiae
Bacteria,Bacteroidota,Bacteroidia,Bacteroidales,Prevotellaceae,Hoylesella,Hoylesella buccalis
Bacteria,Bacteroidota,Bacteroidia,Bacteroidales,Bacteroidaceae,Bacteroides,Bacteroides uniformis
Bacteria,Actinomycetota,Actinomycetes,Actinomycetales,Actinomycetaceae,Actinomyces,Actinomyces graevenitzii
Bacteria,Bacteroidota,Bacteroidia,Bacteroidales,Bacteroidaceae,Bacteroides,Bacteroides caccae
Bacteria,Actinomycetota,Actinomycetes,Mycobacteriales,Gordoniaceae,Gordonia,Gordonia namibiensis
Bacteria,Bacillota,Bacilli,Bacillales,Staphylococcaceae,Staphylococcus,Staphylococcus chromogenes
Bacteria,Pseudomonadota,Gammaproteobacteria,Enterobacterales,Enterobacteriaceae,Cedecea,Cedecea lapagei
Bacteria,Pseudomonadota,Gammaproteobacteria,Enterobacterales,Enterobacteriaceae,Citrobacter,Citrobacter freundii
Bacteria,Pseudomonadota,Gammaproteobacteria,Moraxellales,Moraxellaceae,Moraxella,Moraxella catarrhalis
Bacteria,Pseudomonadota,Gammaproteobacteria,Enterobacterales,Enterobacteriaceae,Escherichia,Escherichia fergusonii
Bacteria,Pseudomonadota,Gammaproteobacteria,Pasteurellales,Pasteurellaceae,Haemophilus,Conservatibacter flavescens
Bacteria,Pseudomonadota,Gammaproteobacteria,Pseudomonadales,Pseudomonadaceae,Pseudomonas,Pseudomonas oryzihabitans
Bacteria,Bacillota,Clostridia,Lachnospirales,Lachnospiraceae,Blautia,Blautia marasmi
Bacteria,Pseudomonadota,Betaproteobacteria,Burkholderiales,Comamonadaceae,Delftia,Delftia tsuruhatensis
Bacteria,Actinomycetota,Actinomycetes,Micrococcales,Micrococcaceae,Micrococcus,Micrococcus aloeverae
Bacteria,Pseudomonadota,Betaproteobacteria,Neisseriales,Neisseriaceae,Neisseria,Morococcus cerebrosus
Bacteria,Actinomycetota,Coriobacteriia,Coriobacteriales,Atopobiaceae,Atopobium,Atopobium massiliense
Bacteria,Actinomycetota,Actinomycetes,Actinomycetales,Actinomycetaceae,Actinotignum,Actinotignum sanguinis
Bacteria,Pseudomonadota,Gammaproteobacteria,Pseudomonadales,Pseudomonadaceae,Stutzerimonas,Stutzerimonas stutzeri
Bacteria,Bacillota,Bacilli,Lactobacillales,Streptococcaceae,Streptococcus,Streptococcus alactolyticus
Bacteria,Bacteroidota,Bacteroidia,Bacteroidales,Prevotellaceae,Prevotella,Prevotella histicola
Bacteria,Bacillota,Bacilli,Bacillales,Bacillaceae,Bacillus,Bacillus pseudomycoides
Bacteria,Bacillota,Bacilli,Lactobacillales,Streptococcaceae,Lactococcus,Lactococcus garvieae
Bacteria,Bacillota,Bacilli,Bacillales,Staphylococcaceae,Mammaliicoccus,Mammaliicoccus fleurettii
Bacteria,Bacillota,Bacilli,Lactobacillales,Streptococcaceae,Streptococcus,Streptococcus alactolyticus
Bacteria,Actinomycetota,Actinomycetes,Mycobacteriales,Nocardiaceae,Nocardia,Nocardia kruczakiae
Bacteria,Actinomycetota,Actinomycetes,Actinomycetales,Actinomycetaceae,Winkia,Winkia neuii
Bacteria,Actinomycetota,Actinomycetes,Mycobacteriales,Corynebacteriaceae,Corynebacterium,Corynebacterium amycolatum
Bacteria,Bacteroidota,Bacteroidia,Bacteroidales,Bacteroidaceae,Bacteroides,Bacteroides fragilis
Bacteria,Pseudomonadota,Gammaproteobacteria,Pasteurellales,Pasteurellaceae,Pasteurella,Pasteurella multocida
Bacteria,Actinomycetota,Actinomycetes,Mycobacteriales,Corynebacteriaceae,Corynebacterium,Corynebacterium amycolatum
Bacteria,Actinomycetota,Actinomycetes,Actinomycetales,Actinomycetaceae,Actinomyces,Actinomyces bovis
Bacteria,Bacillota,Bacilli,Lactobacillales,Streptococcaceae,Streptococcus,Streptococcus mitis
Bacteria,Actinomycetota,Actinomycetes,Micrococcales,Dermabacteraceae,Dermabacter,Dermabacter hominis
Bacteria,Pseudomonadota,Gammaproteobacteria,Pseudomonadales,Pseudomonadaceae,Thiopseudomonas,Halopseudomonas pertucinogena
Bacteria,Bacillota,Bacilli,Bacillales,Staphylococcaceae,Staphylococcus,Staphylococcus agnetis
Bacteria,Actinomycetota,Actinomycetes,Mycobacteriales,Corynebacteriaceae,Corynebacterium,Corynebacterium diphtheriae
Bacteria,Pseudomonadota,Gammaproteobacteria,Pseudomonadales,Pseudomonadaceae,Pseudomonas,Pseudomonas indoloxydans
Bacteria,Pseudomonadota,Gammaproteobacteria,Pasteurellales,Pasteurellaceae,Haemophilus,Aggregatibacter actinomycetemcomitans
Bacteria,Pseudomonadota,Alphaproteobacteria,Caulobacterales,Caulobacteraceae,Brevundimonas,Brevundimonas vesicularis
Bacteria,Pseudomonadota,Gammaproteobacteria,Enterobacterales,Morganellaceae,Providencia,Providencia stuartii
Bacteria,Bacillota,Bacilli,Bacillales,Staphylococcaceae,Staphylococcus,Staphylococcus chromogenes
Bacteria,Pseudomonadota,Gammaproteobacteria,Enterobacterales,Enterobacteriaceae,Escherichia,Escherichia fergusonii
Bacteria,Bacillota,Bacilli,Bacillales,Bacillaceae,Priestia,Priestia flexa
Bacteria,Pseudomonadota,Betaproteobacteria,Burkholderiales,Comamonadaceae,Delftia,Delftia tsuruhatensis
Bacteria,Bacteroidota,Flavobacteriia,Flavobacteriales,Weeksellaceae,Elizabethkingia,Elizabethkingia bruuniana
Bacteria,Actinomycetota,Actinomycetes,Micrococcales,Brevibacteriaceae,Brevibacterium,Brevibacterium paucivorans
Bacteria,Pseudomonadota,Gammaproteobacteria,Enterobacterales,Morganellaceae,Proteus,Proteus cibi
Bacteria,Pseudomonadota,Gammaproteobacteria,Moraxellales,Moraxellaceae,Acinetobacter,Acinetobacter junii
Bacteria,Bacillota,Bacilli,Lactobacillales,Streptococcaceae,Streptococcus,Streptococcus acidominimus
Bacteria,Actinomycetota,Actinomycetes,Mycobacteriales,Corynebacteriaceae,Corynebacterium,Corynebacterium aurimucosum
Bacteria,Pseudomonadota,Betaproteobacteria,Neisseriales,Neisseriaceae,Eikenella,Eikenella corrodens
Bacteria,Bacteroidota,Bacteroidia,Bacteroidales,Prevotellaceae,Xylanibacter,Prevotella phocaeensis
Bacteria,Pseudomonadota,Gammaproteobacteria,Enterobacterales,Enterobacteriaceae,Salmonella,Salmonella enterica
Bacteria,Pseudomonadota,Gammaproteobacteria,Alteromonadales,Shewanellaceae,Shewanella,Shewanella putrefaciens
Bacteria,Bacteroidota,Bacteroidia,Bacteroidales,Prevotellaceae,Hoylesella,Hoylesella buccalis
Bacteria,Pseudomonadota,Gammaproteobacteria,Enterobacterales,Enterobacteriaceae,Escherichia,Escherichia coli
Bacteria,Bacillota,Bacilli,Bacillales,Staphylococcaceae,Staphylococcus,Staphylococcus hominis
Bacteria,Pseudomonadota,Gammaproteobacteria,Moraxellales,Moraxellaceae,Moraxella,Moraxella osloensis
Bacteria,Actinomycetota,Actinomycetes,Mycobacteriales,Corynebacteriaceae,Corynebacterium,Corynebacterium glucuronolyticum
Bacteria,Bacillota,Bacilli,Lactobacillales,Enterococcaceae,Vagococcus,Granulicatella adiacens
Bacteria,Bacillota,Erysipelotrichia,Erysipelotrichales,Coprobacillaceae,Catenibacterium,Catenibacterium mitsuokai
Bacteria,Bacillota,Tissierellia,Tissierellales,Peptoniphilaceae,Parvimonas,Parvimonas micra
Bacteria,Actinomycetota,Actinomycetes,Actinomycetales,Actinomycetaceae,Actinotignum,Actinotignum schaalii
Bacteria,Pseudomonadota,Gammaproteobacteria,Pseudomonadales,Pseudomonadaceae,Pseudomonas,Pseudomonas flavescens
Bacteria,Pseudomonadota,Gammaproteobacteria,Enterobacterales,Enterobacteriaceae,Edwardsiella,Edwardsiella hoshinae
Bacteria,Pseudomonadota,Alphaproteobacteria,Hyphomicrobiales,Brucellaceae,Brucella,Brucella canis
Bacteria,Bacillota,Bacilli,Bacillales,Staphylococcaceae,Staphylococcus,Staphylococcus chromogenes
Bacteria,Pseudomonadota,Gammaproteobacteria,Vibrionales,Vibrionaceae,Vibrio,Photobacterium panuliri
Bacteria,Bacillota,Bacilli,Lactobacillales,Streptococcaceae,Streptococcus,Streptococcus alactolyticus
Bacteria,Actinomycetota,Actinomycetes,Actinomycetales,Actinomycetaceae,Trueperella,Trueperella abortisuis
Bacteria,Pseudomonadota,Gammaproteobacteria,Enterobacterales,Enterobacteriaceae,Escherichia,Escherichia fergusonii
Bacteria,Actinomycetota,Actinomycetes,Mycobacteriales,Nocardiaceae,Nocardia,Nocardia africana
Bacteria,Actinomycetota,Actinomycetes,Mycobacteriales,Mycobacteriaceae,Mycobacterium,Mycobacterium asiaticum
Bacteria,Bacillota,Bacilli,Bacillales,Staphylococcaceae,Staphylococcus,Staphylococcus croceilyticus
Bacteria,Bacillota,Bacilli,Bacillales,Bacillaceae,Bacillus,Bacillus pseudomycoides
Bacteria,Bacillota,Bacilli,Bacillales,Paenibacillaceae,Brevibacillus,Brevibacillus borstelensis
Bacteria,Bacillota,Clostridia,Peptostreptococcales,Peptostreptococcaceae,Peptostreptococcus,Peptostreptococcus anaerobius
Bacteria,Actinomycetota,Actinomycetes,Actinomycetales,Actinomycetaceae,Actinomyces,Actinomyces israelii
Bacteria,Pseudomonadota,Gammaproteobacteria,Enterobacterales,Enterobacteriaceae,Enterobacter,Enterobacter asburiae
Bacteria,Bacteroidota,Bacteroidia,Bacteroidales,Bacteroidaceae,Phocaeicola,Phocaeicola vulgatus
Bacteria,Bacillota,Clostridia,Eubacteriales,Oscillospiraceae,Acetivibrio,Acetivibrio straminisolvens
Bacteria,Pseudomonadota,Betaproteobacteria,Burkholderiales,Alcaligenaceae,Kerstersia,Kerstersia gyiorum
Bacteria,Pseudomonadota,Gammaproteobacteria,Enterobacterales,Enterobacteriaceae,Enterobacter,Enterobacter asburiae
Bacteria,Pseudomonadota,Gammaproteobacteria,Moraxellales,Moraxellaceae,Acinetobacter,Acinetobacter johnsonii
Bacteria,Bacteroidota,Bacteroidia,Bacteroidales,Prevotellaceae,Hoylesella,Hoylesella buccalis
Bacteria,Pseudomonadota,Gammaproteobacteria,Enterobacterales,Enterobacteriaceae,Enterobacter,Enterobacter kobei
Bacteria,Bacillota,Bacilli,Lactobacillales,Streptococcaceae,Streptococcus,Streptococcus acidominimus
Bacteria,Pseudomonadota,Betaproteobacteria,Neisseriales,Neisseriaceae,Neisseria,Morococcus cerebrosus
Bacteria,Actinomycetota,Actinomycetes,Mycobacteriales,Nocardiaceae,Nocardia,Nocardia asiatica
Bacteria,Bacteroidota,Flavobacteriia,Flavobacteriales,Weeksellaceae,Chryseobacterium,Chryseobacterium gleum
Bacteria,Pseudomonadota,Gammaproteobacteria,Pseudomonadales,Pseudomonadaceae,Halopseudomonas,Halopseudomonas formosensis
Bacteria,Pseudomonadota,Alphaproteobacteria,Hyphomicrobiales,Brucellaceae,Brucella,Brucella canis
Bacteria,Bacteroidota,Bacteroidia,Bacteroidales,Rikenellaceae,Alistipes,Alistipes putredinis
Bacteria,Pseudomonadota,Gammaproteobacteria,Enterobacterales,Enterobacteriaceae,Citrobacter,Citrobacter freundii
Bacteria,Actinomycetota,Coriobacteriia,Coriobacteriales,Atopobiaceae,Lancefieldella,Lancefieldella rimae
Bacteria,Bacteroidota,Bacteroidia,Bacteroidales,Tannerellaceae,Parabacteroides,Parabacteroides distasonis
Bacteria,Bacillota,Bacilli,Lactobacillales,Streptococcaceae,Streptococcus,Streptococcus parasuis
Bacteria,Bacillota,Bacilli,Lactobacillales,Lactobacillaceae,Lactobacillus,Lactobacillus gasseri
Bacteria,Actinomycetota,Actinomycetes,Actinomycetales,Actinomycetaceae,Schaalia,Schaalia odontolytica
Bacteria,Pseudomonadota,Gammaproteobacteria,Moraxellales,Moraxellaceae,Moraxella,Moraxella osloensis
Bacteria,Actinomycetota,Actinomycetes,Mycobacteriales,Mycobacteriaceae,Mycolicibacter,Mycolicibacter terrae
Bacteria,Bacillota,Bacilli,Lactobacillales,Enterococcaceae,Enterococcus,Enterococcus faecium
Bacteria,Bacillota,Bacilli,Lactobacillales,Streptococcaceae,Streptococcus,Streptococcus halotolerans
Bacteria,Bacteroidota,Bacteroidia,Bacteroidales,Rikenellaceae,Alistipes,Alistipes onderdonkii
Bacteria,Pseudomonadota,Gammaproteobacteria,Lysobacterales,Lysobacteraceae,Stenotrophomonas,Stenotrophomonas hibiscicola
Bacteria,Pseudomonadota,Gammaproteobacteria,Pseudomonadales,Pseudomonadaceae,Aquipseudomonas,Aquipseudomonas alcaligenes
Bacteria,Actinomycetota,Actinomycetes,Micrococcales,Microbacteriaceae,Microbacterium,Microbacterium ginsengiterrae
Bacteria,Bacteroidota,Bacteroidia,Bacteroidales,Bacteroidaceae,Bacteroides,Bacteroides ovatus
Bacteria,Bacillota,Bacilli,Lactobacillales,Streptococcaceae,Streptococcus,Streptococcus ilei
Bacteria,Campylobacterota,Epsilonproteobacteria,Campylobacterales,Campylobacteraceae,Campylobacter,Campylobacter gracilis
Bacteria,Pseudomonadota,Alphaproteobacteria,Hyphomicrobiales,Brucellaceae,Brucella,Brucella canis
Bacteria,Campylobacterota,Epsilonproteobacteria,Campylobacterales,Campylobacteraceae,Campylobacter,Campylobacter insulaenigrae
Bacteria,Pseudomonadota,Gammaproteobacteria,Enterobacterales,Enterobacteriaceae,Kluyvera,Kluyvera cryocrescens
Bacteria,Bacteroidota,Bacteroidia,Bacteroidales,Prevotellaceae,Prevotella,Prevotella disiens
Bacteria,Bacillota,Tissierellia,Tissierellales,Peptoniphilaceae,Urinicoccus,Peptoniphilus asaccharolyticus
Bacteria,Pseudomonadota,Gammaproteobacteria,Enterobacterales,Erwiniaceae,Erwinia,Erwinia amylovora
Bacteria,Bacillota,Bacilli,Lactobacillales,Streptococcaceae,Streptococcus,Streptococcus penaeicida
Bacteria,Pseudomonadota,Gammaproteobacteria,Enterobacterales,Yersiniaceae,Yersinia,Yersinia frederiksenii
Bacteria,Actinomycetota,Actinomycetes,Micrococcales,Micrococcaceae,Rothia,Rothia dentocariosa
Bacteria,Actinomycetota,Actinomycetes,Mycobacteriales,Mycobacteriaceae,Mycobacterium,Mycobacterium scrofulaceum
Bacteria,Bacillota,Bacilli,Bacillales,Staphylococcaceae,Staphylococcus,Staphylococcus caprae
Bacteria,Pseudomonadota,Gammaproteobacteria,Moraxellales,Moraxellaceae,Acinetobacter,Acinetobacter lwoffii
Bacteria,Bacillota,Bacilli,Bacillales,Staphylococcaceae,Staphylococcus,Staphylococcus epidermidis
Bacteria,Bacillota,Bacilli,Lactobacillales,Enterococcaceae,Enterococcus,Enterococcus pseudoavium
Bacteria,Bacillota,Bacilli,Lactobacillales,Aerococcaceae,Aerococcus,Aerococcus sanguinicola
Bacteria,Actinomycetota,Actinomycetes,Micrococcales,Microbacteriaceae,Microbacterium,Microbacterium ginsengiterrae
Bacteria,Pseudomonadota,Gammaproteobacteria,Aeromonadales,Aeromonadaceae,Aeromonas,Aeromonas caviae
Bacteria,Bacillota,Bacilli,Bacillales,Gemellaceae,Gemella,Gemella morbillorum
Bacteria,Bacillota,Bacilli,Lactobacillales,Streptococcaceae,Streptococcus,Streptococcus dysgalactiae
Bacteria,Bacillota,Bacilli,Lactobacillales,Enterococcaceae,Enterococcus,Enterococcus casseliflavus
Bacteria,Pseudomonadota,Gammaproteobacteria,Vibrionales,Vibrionaceae,Vibrio,Vibrio cholerae
Bacteria,Bacteroidota,Bacteroidia,Bacteroidales,Prevotellaceae,Segatella,Segatella baroniae
Bacteria,Pseudomonadota,Gammaproteobacteria,Enterobacterales,Enterobacteriaceae,Atlantibacter,Atlantibacter hermannii
Bacteria,Bacillota,Clostridia,Eubacteriales,Oscillospiraceae,Faecalibacterium,Faecalibacterium prausnitzii
Bacteria,Pseudomonadota,Gammaproteobacteria,Moraxellales,Moraxellaceae,Acinetobacter,Acinetobacter oryzae
Bacteria,Bacillota,Bacilli,Bacillales,Staphylococcaceae,Staphylococcus,Staphylococcus hominis
Bacteria,Bacillota,Bacilli,Lactobacillales,Enterococcaceae,Enterococcus,Enterococcus pseudoavium
Bacteria,Pseudomonadota,Gammaproteobacteria,Enterobacterales,Yersiniaceae,Serratia,Serratia rubidaea
Bacteria,Actinomycetota,Actinomycetes,Micrococcales,Dermabacteraceae,Dermabacter,Dermabacter hominis
Bacteria,Bacillota,Negativicutes,Veillonellales,Veillonellaceae,Veillonella,Veillonella ratti
Bacteria,Bacillota,Bacilli,Lactobacillales,Enterococcaceae,Enterococcus,Enterococcus pseudoavium
Bacteria,Pseudomonadota,Gammaproteobacteria,Enterobacterales,Morganellaceae,Proteus,Proteus cibi
Bacteria,Bacillota,Negativicutes,Veillonellales,Veillonellaceae,Dialister,Allisonella histaminiformans
Bacteria,Actinomycetota,Actinomycetes,Mycobacteriales,Mycobacteriaceae,Mycolicibacterium,Mycolicibacterium bacteremicum
Bacteria,Pseudomonadota,Gammaproteobacteria,Pasteurellales,Pasteurellaceae,Haemophilus,Aggregatibacter actinomycetemcomitans
Bacteria,Actinomycetota,Actinomycetes,Mycobacteriales,Mycobacteriaceae,Mycolicibacterium,Mycolicibacterium bacteremicum
Bacteria,Pseudomonadota,Gammaproteobacteria,Enterobacterales,Enterobacteriaceae,Klebsiella,Klebsiella quasipneumoniae
Bacteria,Bacillota,Bacilli,Lactobacillales,Streptococcaceae,Streptococcus,Streptococcus mitis
Bacteria,Bacillota,Bacilli,Bacillales,Staphylococcaceae,Staphylococcus,Staphylococcus hominis
Bacteria,Bacillota,Bacilli,Lactobacillales,Streptococcaceae,Streptococcus,Streptococcus australis
Bacteria,Pseudomonadota,Gammaproteobacteria,Enterobacterales,Yersiniaceae,Yersinia,Yersinia enterocolitica
Bacteria,Pseudomonadota,Betaproteobacteria,Burkholderiales,Sphaerotilaceae,Caldimonas,Caldimonas meghalayensis
Bacteria,Pseudomonadota,Gammaproteobacteria,Enterobacterales,Enterobacteriaceae,Kluyvera,Kluyvera cryocrescens
Bacteria,Mycoplasmatota,Unknown,Mycoplasmoidales,Mycoplasmoidaceae,Ureaplasma,Ureaplasma cati
Bacteria,Bacillota,Bacilli,Lactobacillales,Streptococcaceae,Streptococcus,Streptococcus australis
Bacteria,Pseudomonadota,Gammaproteobacteria,Moraxellales,Moraxellaceae,Acinetobacter,Acinetobacter bereziniae
Bacteria,Pseudomonadota,Betaproteobacteria,Burkholderiales,Comamonadaceae,Acidovorax,Acidovorax carolinensis
Bacteria,Bacillota,Bacilli,Bacillales,Paenibacillaceae,Paenibacillus,Paenibacillus alvei
Bacteria,Actinomycetota,Actinomycetes,Micrococcales,Microbacteriaceae,Microbacterium,Microbacterium ginsengiterrae
Bacteria,Bacteroidota,Flavobacteriia,Flavobacteriales,Weeksellaceae,Weeksella,Algoriella xinjiangensis
Bacteria,Pseudomonadota,Gammaproteobacteria,Aeromonadales,Aeromonadaceae,Aeromonas,Aeromonas salmonicida
Bacteria,Pseudomonadota,Alphaproteobacteria,Rickettsiales,Rickettsiaceae,Rickettsia,Rickettsia conorii
Bacteria,Bacillota,Bacilli,Bacillales,Staphylococcaceae,Staphylococcus,Staphylococcus nepalensis
Bacteria,Pseudomonadota,Gammaproteobacteria,Pseudomonadales,Pseudomonadaceae,Pseudomonas,Pseudomonas luteola
Bacteria,Bacillota,Bacilli,Lactobacillales,Lactobacillaceae,Lactobacillus,Lactobacillus delbrueckii
Bacteria,Pseudomonadota,Gammaproteobacteria,Enterobacterales,Yersiniaceae,Serratia,Serratia fonticola
Bacteria,Pseudomonadota,Gammaproteobacteria,Lysobacterales,Lysobacteraceae,Stenotrophomonas,Stenotrophomonas hibiscicola
Bacteria,Bacillota,Bacilli,Bacillales,Staphylococcaceae,Staphylococcus,Staphylococcus chromogenes
Bacteria,Pseudomonadota,Alphaproteobacteria,Hyphomicrobiales,Methylobacteriaceae,Methylorubrum,Methylorubrum podarium
Bacteria,Bacillota,Bacilli,Lactobacillales,Streptococcaceae,Streptococcus,Streptococcus mitis
Bacteria,Pseudomonadota,Alphaproteobacteria,Hyphomicrobiales,Rhizobiaceae,Agrobacterium,Agrobacterium rubi
Bacteria,Actinomycetota,Actinomycetes,Mycobacteriales,Mycobacteriaceae,Mycolicibacterium,Mycolicibacterium houstonense
Bacteria,Actinomycetota,Actinomycetes,Mycobacteriales,Corynebacteriaceae,Corynebacterium,Corynebacterium coyleae
Bacteria,Bacteroidota,Bacteroidia,Bacteroidales,Prevotellaceae,Hoylesella,Hoylesella buccalis
Bacteria,Pseudomonadota,Gammaproteobacteria,Enterobacterales,Enterobacteriaceae,Kosakonia,Edwardsiella hoshinae
Bacteria,Actinomycetota,Actinomycetes,Mycobacteriales,Corynebacteriaceae,Corynebacterium,Corynebacterium falsenii
Bacteria,Bacteroidota,Bacteroidia,Bacteroidales,Bacteroidaceae,Bacteroides,Bacteroides fragilis
Bacteria,Pseudomonadota,Alphaproteobacteria,Hyphomicrobiales,Rhizobiaceae,Agrobacterium,Agrobacterium rubi
Bacteria,Pseudomonadota,Gammaproteobacteria,Enterobacterales,Morganellaceae,Proteus,Proteus cibi
Bacteria,Actinomycetota,Actinomycetes,Mycobacteriales,Corynebacteriaceae,Corynebacterium,Corynebacterium aurimucosum
Bacteria,Bacillota,Bacilli,Bacillales,Sporolactobacillaceae,Sporolactobacillus,Sporolactobacillus terrae
Bacteria,Bacillota,Bacilli,Lactobacillales,Streptococcaceae,Streptococcus,Streptococcus alactolyticus
Bacteria,Actinomycetota,Actinomycetes,Actinomycetales,Actinomycetaceae,Mobiluncus,Mobiluncus curtisii
Bacteria,Bacteroidota,Bacteroidia,Bacteroidales,Tannerellaceae,Parabacteroides,Parabacteroides distasonis
Bacteria,Actinomycetota,Actinomycetes,Mycobacteriales,Corynebacteriaceae,Corynebacterium,Corynebacterium fournieri
Bacteria,Actinomycetota,Coriobacteriia,Coriobacteriales,Atopobiaceae,Atopobium,Atopobium minutum
Bacteria,Pseudomonadota,Gammaproteobacteria,Moraxellales,Moraxellaceae,Acinetobacter,Acinetobacter calcoaceticus
Bacteria,Bacillota,Tissierellia,Tissierellales,Peptoniphilaceae,Anaerococcus,Anaerococcus jeddahensis
Bacteria,Chlamydiota,Chlamydiia,Parachlamydiales,Parachlamydiaceae,Candidatus Protochlamydia,Candidatus Protochlamydia naegleriophila
Bacteria,Bacillota,Bacilli,Bacillales,Staphylococcaceae,Staphylococcus,Staphylococcus pasteuri
Bacteria,Pseudomonadota,Betaproteobacteria,Burkholderiales,Burkholderiaceae,Burkholderia,Burkholderia mallei
Bacteria,Pseudomonadota,Gammaproteobacteria,Pseudomonadales,Pseudomonadaceae,Aquipseudomonas,Aquipseudomonas alcaligenes
Bacteria,Bacillota,Bacilli,Bacillales,Staphylococcaceae,Staphylococcus,Staphylococcus caprae
Bacteria,Actinomycetota,Actinomycetes,Propionibacteriales,Propionibacteriaceae,Propionimicrobium,Propionimicrobium lymphophilum
Bacteria,Pseudomonadota,Gammaproteobacteria,Enterobacterales,Enterobacteriaceae,Citrobacter,Citrobacter freundii
Bacteria,Pseudomonadota,Gammaproteobacteria,Enterobacterales,Enterobacteriaceae,Kosakonia,Edwardsiella hoshinae
Bacteria,Pseudomonadota,Betaproteobacteria,Neisseriales,Chromobacteriaceae,Chromobacterium,Chromobacterium violaceum
Bacteria,Actinomycetota,Actinomycetes,Mycobacteriales,Mycobacteriaceae,Mycobacterium,Mycobacterium tuberculosis
Bacteria,Bacillota,Bacilli,Lactobacillales,Streptococcaceae,Streptococcus,Streptococcus halotolerans
Bacteria,Actinomycetota,Actinomycetes,Mycobacteriales,Corynebacteriaceae,Corynebacterium,Corynebacterium diphtheriae
Bacteria,Pseudomonadota,Gammaproteobacteria,Enterobacterales,Yersiniaceae,Serratia,Serratia odorifera
Bacteria,Bacteroidota,Bacteroidia,Bacteroidales,Rikenellaceae,Alistipes,Alistipes shahii
Bacteria,Bacillota,Bacilli,Lactobacillales,Streptococcaceae,Streptococcus,Streptococcus parasuis
Bacteria,Bacillota,Negativicutes,Veillonellales,Veillonellaceae,Dialister,Dialister invisus
Bacteria,Bacteroidota,Bacteroidia,Bacteroidales,Porphyromonadaceae,Porphyromonas,Porphyromonas asaccharolytica
Bacteria,Pseudomonadota,Gammaproteobacteria,Enterobacterales,Yersiniaceae,Serratia,Serratia rubidaea
Bacteria,Pseudomonadota,Betaproteobacteria,Neisseriales,Neisseriaceae,Neisseria,Morococcus cerebrosus
Bacteria,Pseudomonadota,Betaproteobacteria,Burkholderiales,Alcaligenaceae,Kerstersia,Kerstersia gyiorum
Bacteria,Pseudomonadota,Gammaproteobacteria,Enterobacterales,Enterobacteriaceae,Kluyvera,Kluyvera cryocrescens
Bacteria,Pseudomonadota,Gammaproteobacteria,Enterobacterales,Morganellaceae,Morganella,Morganella morganii
Bacteria,Bacillota,Bacilli,Bacillales,Paenibacillaceae,Paenibacillus,Paenibacillus pabuli
Bacteria,Pseudomonadota,Gammaproteobacteria,Enterobacterales,Yersiniaceae,Serratia,Serratia liquefaciens
Bacteria,Pseudomonadota,Gammaproteobacteria,Vibrionales,Vibrionaceae,Vibrio,Photobacterium panuliri
Bacteria,Actinomycetota,Actinomycetes,Mycobacteriales,Mycobacteriaceae,Mycobacterium,Mycobacterium tuberculosis
Bacteria,Bacillota,Bacilli,Lactobacillales,Aerococcaceae,Facklamia,Facklamia hominis
Bacteria,Bacillota,Bacilli,Lactobacillales,Lactobacillaceae,Lacticaseibacillus,Lacticaseibacillus casei
Bacteria,Bacillota,Bacilli,Bacillales,Listeriaceae,Listeria,Listeria innocua
Bacteria,Pseudomonadota,Gammaproteobacteria,Enterobacterales,Yersiniaceae,Serratia,Serratia odorifera
Bacteria,Actinomycetota,Actinomycetes,Mycobacteriales,Mycobacteriaceae,Mycobacterium,Mycobacterium xenopi
Bacteria,Bacillota,Bacilli,Lactobacillales,Lactobacillaceae,Lactobacillus,Lactobacillus crispatus
Bacteria,Pseudomonadota,Gammaproteobacteria,Enterobacterales,Enterobacteriaceae,Citrobacter,Citrobacter amalonaticus
Bacteria,Actinomycetota,Actinomycetes,Actinomycetales,Actinomycetaceae,Actinomyces,Actinomyces naeslundii
Bacteria,Pseudomonadota,Gammaproteobacteria,Moraxellales,Moraxellaceae,Acinetobacter,Acinetobacter gandensis
Bacteria,Pseudomonadota,Gammaproteobacteria,Alteromonadales,Shewanellaceae,Shewanella,Shewanella putrefaciens
Bacteria,Pseudomonadota,Gammaproteobacteria,Enterobacterales,Enterobacteriaceae,Salmonella,Salmonella enterica
Bacteria,Actinomycetota,Actinomycetes,Actinomycetales,Actinomycetaceae,Schaalia,Schaalia odontolytica
Bacteria,Pseudomonadota,Alphaproteobacteria,Rickettsiales,Rickettsiaceae,Occidentia,Occidentia massiliensis
Bacteria,Actinomycetota,Actinomycetes,Propionibacteriales,Propionibacteriaceae,Cutibacterium,Acidipropionibacterium virtanenii
Bacteria,Bacteroidota,Bacteroidia,Bacteroidales,Rikenellaceae,Alistipes,Alistipes onderdonkii
Bacteria,Actinomycetota,Actinomycetes,Mycobacteriales,Gordoniaceae,Gordonia,Gordonia hongkongensis
Bacteria,Pseudomonadota,Gammaproteobacteria,Enterobacterales,Morganellaceae,Providencia,Providencia rustigianii
Bacteria,Bacteroidota,Bacteroidia,Bacteroidales,Rikenellaceae,Alistipes,Alistipes finegoldii
Bacteria,Pseudomonadota,Gammaproteobacteria,Moraxellales,Moraxellaceae,Acinetobacter,Acinetobacter radioresistens
Bacteria,Actinomycetota,Actinomycetes,Mycobacteriales,Corynebacteriaceae,Corynebacterium,Corynebacterium phoceense
Bacteria,Actinomycetota,Actinomycetes,Micrococcales,Micrococcaceae,Glutamicibacter,Glutamicibacter mishrai
Bacteria,Bacillota,Tissierellia,Tissierellales,Peptoniphilaceae,Peptoniphilus,Peptoniphilus gorbachii
Bacteria,Bacteroidota,Flavobacteriia,Flavobacteriales,Flavobacteriaceae,Flavobacterium,Flavobacterium antarcticum
Bacteria,Actinomycetota,Actinomycetes,Micrococcales,Microbacteriaceae,Leifsonia,Leifsonia aquatica
Bacteria,Pseudomonadota,Gammaproteobacteria,Alteromonadales,Shewanellaceae,Shewanella,Shewanella decolorationis
Bacteria,Bacillota,Clostridia,Lachnospirales,Lachnospiraceae,Anaerobutyricum,Anaerobutyricum soehngenii
Bacteria,Bacillota,Clostridia,Lachnospirales,Lachnospiraceae,Blautia,Blautia producta
Bacteria,Pseudomonadota,Gammaproteobacteria,Moraxellales,Moraxellaceae,Moraxella,Moraxella osloensis
Bacteria,Pseudomonadota,Betaproteobacteria,Burkholderiales,Alcaligenaceae,Achromobacter,Achromobacter insolitus
Bacteria,Pseudomonadota,Gammaproteobacteria,Enterobacterales,Enterobacteriaceae,Escherichia,Escherichia fergusonii
Bacteria,Actinomycetota,Actinomycetes,Actinomycetales,Actinomycetaceae,Actinotignum,Actinotignum sanguinis
Bacteria,Pseudomonadota,Gammaproteobacteria,Moraxellales,Moraxellaceae,Acinetobacter,Acinetobacter gandensis
Bacteria,Pseudomonadota,Gammaproteobacteria,Enterobacterales,Enterobacteriaceae,Enterobacter,Enterobacter asburiae
Bacteria,Pseudomonadota,Gammaproteobacteria,Enterobacterales,Yersiniaceae,Serratia,Serratia fonticola
Bacteria,Actinomycetota,Actinomycetes,Actinomycetales,Actinomycetaceae,Actinotignum,Actinotignum sanguinis
Bacteria,Bacillota,Bacilli,Bacillales,Paenibacillaceae,Paenibacillus,Paenibacillus pabuli
Bacteria,Pseudomonadota,Gammaproteobacteria,Enterobacterales,Enterobacteriaceae,Klebsiella,Klebsiella pneumoniae
Bacteria,Bacteroidota,Flavobacteriia,Flavobacteriales,Weeksellaceae,Elizabethkingia,Elizabethkingia meningoseptica
Bacteria,Actinomycetota,Actinomycetes,Mycobacteriales,Corynebacteriaceae,Corynebacterium,Corynebacterium tuberculostearicum
Bacteria,Chlamydiota,Chlamydiia,Parachlamydiales,Parachlamydiaceae,Candidatus Protochlamydia,Candidatus Protochlamydia naegleriophila
Bacteria,Actinomycetota,Coriobacteriia,Eggerthellales,Eggerthellaceae,Eggerthella,Eggerthella lenta
Bacteria,Bacteroidota,Flavobacteriia,Flavobacteriales,Flavobacteriaceae,Myroides,Myroides gitamensis
Bacteria,Pseudomonadota,Betaproteobacteria,Burkholderiales,Alcaligenaceae,Achromobacter,Achromobacter animicus
Bacteria,Actinomycetota,Actinomycetes,Mycobacteriales,Corynebacteriaceae,Corynebacterium,Corynebacterium amycolatum
Bacteria,Pseudomonadota,Gammaproteobacteria,Moraxellales,Moraxellaceae,Acinetobacter,Acinetobacter oryzae
Bacteria,Bacillota,Negativicutes,Veillonellales,Veillonellaceae,Megasphaera,Megasphaera elsdenii
Bacteria,Bacillota,Bacilli,Bacillales,Gemellaceae,Gemella,Gemella morbillorum
Bacteria,Pseudomonadota,Gammaproteobacteria,Enterobacterales,Enterobacteriaceae,Enterobacter,Enterobacter asburiae
Bacteria,Pseudomonadota,Betaproteobacteria,Neisseriales,Neisseriaceae,Neisseria,Morococcus cerebrosus
Bacteria,Pseudomonadota,Gammaproteobacteria,Enterobacterales,Enterobacteriaceae,Citrobacter,Citrobacter rodentium
Bacteria,Pseudomonadota,Gammaproteobacteria,Pasteurellales,Pasteurellaceae,Haemophilus,Conservatibacter flavescens
Bacteria,Bacillota,Bacilli,Bacillales,Staphylococcaceae,Jeotgalicoccus,Jeotgalicoccus halotolerans
Bacteria,Bacteroidota,Bacteroidia,Bacteroidales,Bacteroidaceae,Bacteroides,Bacteroides ovatus
Bacteria,Bacillota,Bacilli,Bacillales,Staphylococcaceae,Staphylococcus,Staphylococcus caprae
Bacteria,Bacillota,Clostridia,Eubacteriales,Clostridiaceae,Clostridium,Clostridium massiliamazoniense
Bacteria,Bacillota,Bacilli,Bacillales,Staphylococcaceae,Staphylococcus,Staphylococcus caprae
Bacteria,Actinomycetota,Actinomycetes,Actinomycetales,Actinomycetaceae,Arcanobacterium,Arcanobacterium haemolyticum
Bacteria,Pseudomonadota,Gammaproteobacteria,Enterobacterales,Erwiniaceae,Mixta,Mixta calida
Bacteria,Bacteroidota,Bacteroidia,Bacteroidales,Porphyromonadaceae,Porphyromonas,Porphyromonas circumdentaria
Bacteria,Bacillota,Bacilli,Bacillales,Staphylococcaceae,Staphylococcus,Staphylococcus chromogenes
Bacteria,Pseudomonadota,Betaproteobacteria,Neisseriales,Neisseriaceae,Neisseria,Neisseria flavescens
Bacteria,Pseudomonadota,Gammaproteobacteria,Enterobacterales,Enterobacteriaceae,Escherichia,Escherichia fergusonii
Bacteria,Pseudomonadota,Gammaproteobacteria,Enterobacterales,Enterobacteriaceae,Citrobacter,Citrobacter freundii
Bacteria,Pseudomonadota,Gammaproteobacteria,Enterobacterales,Enterobacteriaceae,Salmonella,Salmonella enterica
Bacteria,Actinomycetota,Coriobacteriia,Coriobacteriales,Coriobacteriaceae,Collinsella,Collinsella aerofaciens
Bacteria,Actinomycetota,Actinomycetes,Micrococcales,Micrococcaceae,Rothia,Rothia dentocariosa
Bacteria,Actinomycetota,Actinomycetes,Mycobacteriales,Corynebacteriaceae,Corynebacterium,Corynebacterium tuberculostearicum
Bacteria,Pseudomonadota,Gammaproteobacteria,Enterobacterales,Yersiniaceae,Serratia,Serratia grimesii
Bacteria,Actinomycetota,Actinomycetes,Mycobacteriales,Corynebacteriaceae,Corynebacterium,Corynebacterium diphtheriae
Bacteria,Bacillota,Clostridia,Eubacteriales,Clostridiaceae,Clostridium,Clostridium butyricum
Bacteria,Bacillota,Bacilli,Bacillales,Sporolactobacillaceae,Sporolactobacillus,Sporolactobacillus inulinus
Bacteria,Pseudomonadota,Gammaproteobacteria,Pasteurellales,Pasteurellaceae,Haemophilus,Conservatibacter flavescens
Bacteria,Bacillota,Bacilli,Bacillales,Staphylococcaceae,Mammaliicoccus,Mammaliicoccus fleurettii
Bacteria,Actinomycetota,Actinomycetes,Micrococcales,Microbacteriaceae,Microbacterium,Microbacterium lacticum
Bacteria,Pseudomonadota,Gammaproteobacteria,Vibrionales,Vibrionaceae,Vibrio,Vibrio cholerae
Bacteria,Campylobacterota,Epsilonproteobacteria,Campylobacterales,Helicobacteraceae,Helicobacter,Helicobacter pylori
Bacteria,Pseudomonadota,Alphaproteobacteria,Hyphomicrobiales,Methylobacteriaceae,Methylorubrum,Methylorubrum podarium
Bacteria,Actinomycetota,Actinomycetes,Micrococcales,Microbacteriaceae,Microbacterium,Microbacterium hydrocarbonoxydans
Bacteria,Pseudomonadota,Alphaproteobacteria,Sphingomonadales,Sphingomonadaceae,Sphingomonas,Sphingomonas paucimobilis
Bacteria,Actinomycetota,Actinomycetes,Actinomycetales,Actinomycetaceae,Schaalia,Schaalia odontolytica
Bacteria,Bacillota,Bacilli,Lactobacillales,Streptococcaceae,Streptococcus,Streptococcus penaeicida
Bacteria,Bacillota,Bacilli,Bacillales,Staphylococcaceae,Staphylococcus,Staphylococcus lugdunensis
Bacteria,Pseudomonadota,Gammaproteobacteria,Pasteurellales,Pasteurellaceae,Haemophilus,Conservatibacter flavescens
Bacteria,Pseudomonadota,Gammaproteobacteria,Aeromonadales,Aeromonadaceae,Aeromonas,Aeromonas diversa
Bacteria,Pseudomonadota,Gammaproteobacteria,Pasteurellales,Pasteurellaceae,Mannheimia,Mannheimia haemolytica
Bacteria,Bacillota,Clostridia,Lachnospirales,Lachnospiraceae,Blautia,Blautia glucerasea
Bacteria,Bacillota,Negativicutes,Acidaminococcales,Acidaminococcaceae,Acidaminococcus,Acidaminococcus fermentans
Bacteria,Pseudomonadota,Gammaproteobacteria,Aeromonadales,Aeromonadaceae,Aeromonas,Aeromonas encheleia
Bacteria,Actinomycetota,Actinomycetes,Propionibacteriales,Actinopolymorphaceae,Actinopolymorpha,Actinopolymorpha cephalotaxi
Bacteria,Bacillota,Bacilli,Lactobacillales,Streptococcaceae,Streptococcus,Streptococcus acidominimus
Bacteria,Actinomycetota,Actinomycetes,Mycobacteriales,Corynebacteriaceae,Corynebacterium,Corynebacterium amycolatum
Bacteria,Pseudomonadota,Gammaproteobacteria,Enterobacterales,Morganellaceae,Proteus,Proteus cibi
Bacteria,Pseudomonadota,Betaproteobacteria,Neisseriales,Neisseriaceae,Neisseria,Neisseria canis
Bacteria,Pseudomonadota,Gammaproteobacteria,Moraxellales,Moraxellaceae,Acinetobacter,Acinetobacter johnsonii
Bacteria,Pseudomonadota,Gammaproteobacteria,Enterobacterales,Yersiniaceae,Serratia,Serratia rubidaea
Bacteria,Bacillota,Bacilli,Lactobacillales,Streptococcaceae,Streptococcus,Streptococcus acidominimus
Bacteria,Pseudomonadota,Gammaproteobacteria,Enterobacterales,Enterobacteriaceae,Enterobacter,Enterobacter asburiae
Bacteria,Bacillota,Bacilli,Lactobacillales,Streptococcaceae,Streptococcus,Streptococcus mitis
Bacteria,Pseudomonadota,Gammaproteobacteria,Enterobacterales,Enterobacteriaceae,Cedecea,Cedecea lapagei
Bacteria,Pseudomonadota,Gammaproteobacteria,Enterobacterales,Yersiniaceae,Yersinia,Yersinia frederiksenii
Bacteria,Bacillota,Clostridia,Eubacteriales,Oscillospiraceae,Ruminococcus,Ruminococcus albus
Bacteria,Bacillota,Bacilli,Bacillales,Staphylococcaceae,Staphylococcus,Staphylococcus agnetis
Bacteria,Bacillota,Clostridia,Eubacteriales,Clostridiaceae,Clostridium,Clostridium massiliamazoniense
Bacteria,Pseudomonadota,Gammaproteobacteria,Vibrionales,Vibrionaceae,Vibrio,Vibrio cholerae
Bacteria,Pseudomonadota,Gammaproteobacteria,Enterobacterales,Enterobacteriaceae,Leclercia,Leclercia adecarboxylata
Bacteria,Bacillota,Bacilli,Bacillales,Listeriaceae,Listeria,Listeria innocua
Bacteria,Pseudomonadota,Gammaproteobacteria,Pasteurellales,Pasteurellaceae,Haemophilus,Haemophilus aegyptius
Bacteria,Pseudomonadota,Alphaproteobacteria,Hyphomicrobiales,Methylobacteriaceae,Microvirga,Microvirga lotononidis
Bacteria,Actinomycetota,Actinomycetes,Micrococcales,Micrococcaceae,Kocuria,Kocuria rhizophila
Bacteria,Bacillota,Bacilli,Lactobacillales,Streptococcaceae,Streptococcus,Streptococcus mitis
Bacteria,Actinomycetota,Actinomycetes,Mycobacteriales,Mycobacteriaceae,Mycobacterium,Mycobacterium asiaticum
Bacteria,Pseudomonadota,Gammaproteobacteria,Enterobacterales,Enterobacteriaceae,Citrobacter,Citrobacter braakii
Bacteria,Bacillota,Clostridia,Peptostreptococcales,Peptostreptococcaceae,Paraclostridium,Paraclostridium bifermentans
Bacteria,Actinomycetota,Actinomycetes,Mycobacteriales,Mycobacteriaceae,Mycobacterium,Mycobacterium intracellulare
Bacteria,Pseudomonadota,Betaproteobacteria,Burkholderiales,Burkholderiaceae,Burkholderia,Burkholderia cenocepacia
Bacteria,Actinomycetota,Actinomycetes,Micrococcales,Micrococcaceae,Rothia,Rothia dentocariosa
Bacteria,Pseudomonadota,Gammaproteobacteria,Enterobacterales,Enterobacteriaceae,Escherichia,Escherichia fergusonii
Bacteria,Spirochaetota,Spirochaetia,Spirochaetales,Borreliaceae,Borreliella,Borreliella bavariensis
Bacteria,Bacillota,Negativicutes,Veillonellales,Veillonellaceae,Dialister,Dialister invisus
Bacteria,Bacillota,Bacilli,Bacillales,Sporolactobacillaceae,Sporolactobacillus,Sporolactobacillus inulinus
Bacteria,Bacteroidota,Bacteroidia,Bacteroidales,Prevotellaceae,Prevotella,Prevotella corporis
Bacteria,Bacillota,Bacilli,Bacillales,Staphylococcaceae,Staphylococcus,Staphylococcus pasteuri
Bacteria,Bacillota,Bacilli,Lactobacillales,Lactobacillaceae,Lactobacillus,Lactobacillus johnsonii
Bacteria,Actinomycetota,Actinomycetes,Mycobacteriales,Corynebacteriaceae,Corynebacterium,Corynebacterium pseudodiphtheriticum
Bacteria,Bacillota,Bacilli,Lactobacillales,Enterococcaceae,Enterococcus,Enterococcus avium
Bacteria,Bacteroidota,Flavobacteriia,Flavobacteriales,Flavobacteriaceae,Flavivirga,Flavivirga aquimarina
Bacteria,Pseudomonadota,Gammaproteobacteria,Pseudomonadales,Pseudomonadaceae,Pseudomonas,Pseudomonas luteola
Bacteria,Pseudomonadota,Gammaproteobacteria,Enterobacterales,Enterobacteriaceae,Enterobacter,Enterobacter asburiae
Bacteria,Bacillota,Bacilli,Lactobacillales,Aerococcaceae,Aerococcus,Aerococcus urinae
Bacteria,Pseudomonadota,Gammaproteobacteria,Vibrionales,Vibrionaceae,Vibrio,Photobacterium panuliri
Bacteria,Bacillota,Bacilli,Lactobacillales,Lactobacillaceae,Lactiplantibacillus,Lactiplantibacillus plantarum
Bacteria,Bacillota,Tissierellia,Tissierellales,Peptoniphilaceae,Peptoniphilus,Peptoniphilus faecalis
Bacteria,Bacillota,Bacilli,Lactobacillales,Streptococcaceae,Streptococcus,Streptococcus ilei
Bacteria,Bacillota,Bacilli,Bacillales,Paenibacillaceae,Brevibacillus,Brevibacillus agri
Bacteria,Pseudomonadota,Gammaproteobacteria,Enterobacterales,Morganellaceae,Proteus,Proteus mirabilis
Bacteria,Bacteroidota,Bacteroidia,Bacteroidales,Bacteroidaceae,Bacteroides,Bacteroides caccae
Bacteria,Actinomycetota,Actinomycetes,Actinomycetales,Actinomycetaceae,Trueperella,Trueperella abortisuis
Bacteria,Pseudomonadota,Gammaproteobacteria,Lysobacterales,Lysobacteraceae,Xanthomonas,Xanthomonas arboricola
Bacteria,Campylobacterota,Epsilonproteobacteria,Campylobacterales,Helicobacteraceae,Helicobacter,Helicobacter bilis
Bacteria,Actinomycetota,Actinomycetes,Actinomycetales,Actinomycetaceae,Actinomyces,Actinomyces viscosus
Bacteria,Actinomycetota,Actinomycetes,Kitasatosporales,Streptomycetaceae,Streptomyces,Streptomyces griseoflavus
Bacteria,Pseudomonadota,Alphaproteobacteria,Hyphomicrobiales,Brucellaceae,Brucella,Brucella canis
Bacteria,Pseudomonadota,Gammaproteobacteria,Enterobacterales,Enterobacteriaceae,Citrobacter,Citrobacter farmeri
Bacteria,Pseudomonadota,Gammaproteobacteria,Pseudomonadales,Pseudomonadaceae,Pseudomonas,Pseudomonas citronellolis
Bacteria,Pseudomonadota,Gammaproteobacteria,Enterobacterales,Enterobacteriaceae,Kluyvera,Kluyvera intermedia
Bacteria,Bacillota,Tissierellia,Tissierellales,Peptoniphilaceae,Parvimonas,Parvimonas micra
Bacteria,Pseudomonadota,Gammaproteobacteria,Enterobacterales,Enterobacteriaceae,Leclercia,Leclercia adecarboxylata
Bacteria,Actinomycetota,Actinomycetes,Propionibacteriales,Actinopolymorphaceae,Actinopolymorpha,Actinopolymorpha alba
Bacteria,Bacillota,Bacilli,Bacillales,Staphylococcaceae,Staphylococcus,Staphylococcus caprae
Bacteria,Bacillota,Bacilli,Lactobacillales,Streptococcaceae,Streptococcus,Streptococcus constellatus
Bacteria,Spirochaetota,Spirochaetia,Leptospirales,Leptospiraceae,Leptospira,Leptospira interrogans
Bacteria,Actinomycetota,Actinomycetes,Actinomycetales,Actinomycetaceae,Actinomyces,Actinomyces naeslundii
Bacteria,Pseudomonadota,Gammaproteobacteria,Enterobacterales,Enterobacteriaceae,Escherichia,Escherichia fergusonii
Bacteria,Pseudomonadota,Gammaproteobacteria,Enterobacterales,Enterobacteriaceae,Buttiauxella,Buttiauxella izardii
Bacteria,Actinomycetota,Actinomycetes,Actinomycetales,Actinomycetaceae,Actinomyces,Actinomyces oris
Bacteria,Pseudomonadota,Gammaproteobacteria,Enterobacterales,Morganellaceae,Proteus,Proteus mirabilis
Bacteria,Thermodesulfobacteriota,Desulfovibrionia,Desulfovibrionales,Desulfovibrionaceae,Bilophila,Bilophila wadsworthia
Bacteria,Bacillota,Bacilli,Lactobacillales,Enterococcaceae,Enterococcus,Enterococcus faecalis
Bacteria,Bacillota,Bacilli,Lactobacillales,Streptococcaceae,Streptococcus,Streptococcus dysgalactiae
Bacteria,Bacillota,Bacilli,Lactobacillales,Streptococcaceae,Streptococcus,Streptococcus gordonii
Bacteria,Pseudomonadota,Betaproteobacteria,Burkholderiales,Comamonadaceae,Delftia,Delftia tsuruhatensis
Bacteria,Bacillota,Bacilli,Lactobacillales,Lactobacillaceae,Lacticaseibacillus,Lacticaseibacillus casei
Bacteria,Pseudomonadota,Gammaproteobacteria,Enterobacterales,Enterobacteriaceae,Citrobacter,Citrobacter freundii
Bacteria,Bacillota,Clostridia,Eubacteriales,Clostridiaceae,Clostridium,Clostridium butyricum
Bacteria,Pseudomonadota,Gammaproteobacteria,Aeromonadales,Aeromonadaceae,Aeromonas,Aeromonas salmonicida
Bacteria,Bacteroidota,Bacteroidia,Bacteroidales,Bacteroidaceae,Bacteroides,Bacteroides bouchesdurhonensis
Bacteria,Pseudomonadota,Gammaproteobacteria,Enterobacterales,Enterobacteriaceae,Klebsiella,Klebsiella aerogenes
Bacteria,Bacteroidota,Bacteroidia,Bacteroidales,Bacteroidaceae,Bacteroides,Bacteroides fragilis
Bacteria,Actinomycetota,Actinomycetes,Mycobacteriales,Mycobacteriaceae,Mycobacteroides,Mycobacteroides abscessus
Bacteria,Pseudomonadota,Gammaproteobacteria,Pseudomonadales,Pseudomonadaceae,Stutzerimonas,Stutzerimonas stutzeri
Bacteria,Pseudomonadota,Gammaproteobacteria,Enterobacterales,Enterobacteriaceae,Edwardsiella,Edwardsiella hoshinae
Bacteria,Actinomycetota,Coriobacteriia,Eggerthellales,Eggerthellaceae,Gordonibacter,Gordonibacter pamelaeae
Bacteria,Actinomycetota,Actinomycetes,Micrococcales,Micrococcaceae,Glutamicibacter,Glutamicibacter mishrai
Bacteria,Actinomycetota,Actinomycetes,Actinomycetales,Actinomycetaceae,Arcanobacterium,Arcanobacterium haemolyticum
Bacteria,Actinomycetota,Actinomycetes,Micrococcales,Microbacteriaceae,Microbacterium,Microbacterium ginsengiterrae
Bacteria,Pseudomonadota,Betaproteobacteria,Burkholderiales,Burkholderiaceae,Cupriavidus,Cupriavidus campinensis
Bacteria,Actinomycetota,Actinomycetes,Mycobacteriales,Mycobacteriaceae,Mycobacteroides,Mycobacteroides abscessus
