bacterial_species,metagenomic,culture,risk_group,human_pathogenicity,urinary_pathogene,aero_intolerant,phyla,genus
Abiotrophia defectiva,0,1,2,1,Unclassified,0,Firmicutes,Abiotrophia
Achromobacter denitrificans,0,1,2,1,1,0,Proteobacteria,Achromobacter
Achromobacter insolitus,0,1,1,Unclassified,Unclassified,0,Proteobacteria,Achromobacter
Achromobacter xylosoxidans,0,1,2,1,Unclassified,0,Proteobacteria,Achromobacter
Acidaminococcus fermentans,1,0,2,1,1,1,Firmicutes,Acidaminococcus
Acidocella facilis,1,0,Unclassified,Unclassified,Unclassified,0,Proteobacteria,Acidocella
Acidovorax delafieldii,1,0,1,Unclassified,Unclassified,0,Proteobacteria,Acidovorax
Acidovorax radicis,1,0,2,Unclassified,Unclassified,0,Proteobacteria,Acidovorax
Acinetobacter baumannii,1,1,2,1,1,0,Proteobacteria,Acinetobacter
Acinetobacter bereziniae,0,1,2,1,Unclassified,0,Proteobacteria,Acinetobacter
Acinetobacter calcoaceticus,0,1,2,1,Unclassified,0,Proteobacteria,Acinetobacter
Acinetobacter guillouiae,1,1,2,1,Unclassified,0,Proteobacteria,Acinetobacter
Acinetobacter haemolyticus,0,1,2,1,Unclassified,0,Proteobacteria,Acinetobacter
Acinetobacter johnsonii,0,1,2,1,Unclassified,0,Proteobacteria,Acinetobacter
Acinetobacter junii,0,1,2,1,Unclassified,0,Proteobacteria,Acinetobacter
Acinetobacter lwoffi,0,1,2,1,Unclassified,0,Proteobacteria,Acinetobacter
Acinetobacter nosocomialis,0,1,2,1,Unclassified,0,Proteobacteria,Acinetobacter
Acinetobacter radioresistens,0,1,2,1,Unclassified,0,Proteobacteria,Acinetobacter
Acinetobacter schindleri,0,1,2,Unclassified,Unclassified,0,Proteobacteria,Acinetobacter
Acinetobacter septicus,0,1,2,1,Unclassified,0,Proteobacteria,Acinetobacter
Acinetobacter ursingii,0,1,2,1,1,0,Proteobacteria,Acinetobacter
Actinobaculum massiliense,1,1,Unclassified,1,1,0,Actinobacteria,Actinotignum
Actinobaculum schaalii,1,1,2,1,1,0,Actinobacteria,Actinotignum
Actinobaculum urinale,1,1,Unclassified,1,1,0,Actinobacteria,Actinotignum
Actinomyces europaeus,1,1,2,1,1,0,Actinobacteria,Actinomyces
Actinomyces graevenitzii,0,1,2,1,Unclassified,0,Actinobacteria,Actinomyces
Actinomyces israelii,0,1,2,1,1,0,Actinobacteria,Actinomyces
Actinomyces meyeri,0,1,2,1,1,1,Actinobacteria,Actinomyces
Actinomyces naeslundii,0,1,2,1,Unclassified,0,Actinobacteria,Actinomyces
Actinomyces neuii,1,1,2,1,1,0,Actinobacteria,Actinomyces
Actinomyces odontolyticus,0,1,2,1,Unclassified,0,Actinobacteria,Actinomyces
Actinomyces oris,0,1,2,1,Unclassified,0,Actinobacteria,Actinomyces
Actinomyces radingae,1,1,2,1,Unclassified,0,Actinobacteria,Actinomyces
Actinomyces turicensis,1,1,2,1,1,0,Actinobacteria,Actinomyces
Actinomyces urinae,0,1,2,Unclassified,Unclassified,0,Actinobacteria,Actinomyces
Actinomyces urogenitalis,0,1,2,1,Unclassified,0,Actinobacteria,Actinomyces
Actinomyces viscosus,0,1,2,Unclassified,Unclassified,0,Actinobacteria,Actinomyces
Actinotignum timonense,0,1,Unclassified,Unclassified,Unclassified,0,Actinobacteria,Actinotignum
Advenella mimigardefordensis,1,0,Unclassified,Unclassified,Unclassified,0,Proteobacteria,Advenella
Aerococcus sanguinicola,1,1,Unclassified,1,1,0,Firmicutes,Aerococcus
Aerococcus christensenii,1,0,2,Unclassified,Unclassified,0,Firmicutes,Aerococcus
Aerococcus urinae,1,1,2,1,1,0,Firmicutes,Aerococcus
Aerococcus urinaehominis,0,1,Unclassified,Unclassified,Unclassified,0,Firmicutes,Aerococcus
Aerococcus viridans,0,1,2,1,1,0,Firmicutes,Aerococcus
Aeromonas caviae,0,1,2,1,1,0,Proteobacteria,Aeromonas
Aeromonas hydrophila,0,1,2,1,1,0,Proteobacteria,Aeromonas
Aeromonas popoffii,0,1,Unclassified,1,1,0,Proteobacteria,Aeromonas
Aeromonas salmonicida,1,0,2,1,Unclassified,0,Proteobacteria,Aeromonas
Aeromonas trota,0,1,2,1,Unclassified,0,Proteobacteria,Aeromonas
Aeromonas veronii,1,1,2,1,Unclassified,0,Proteobacteria,Aeromonas
Aggregatibacter actinomycetemcomitans,0,1,Unclassified,1,1,0,Proteobacteria,Aggregatibacter
Akkermansia muciniphila,1,0,1,1,Unclassified,0,Verrucomicrobia,Akkermansia
Alcaligenes faecalis,0,1,2,1,1,0,Proteobacteria,Alcaligenes
Alistipes finegoldii,1,0,1,1,Unclassified,1,Bacteroidetes,Alistipes
Alistipes onderdonkii,0,1,Unclassified,Unclassified,Unclassified,1,Bacteroidetes,Alistipes
Alloscardovia omnicolens,1,1,2,1,1,0,Actinobacteria,Alloscardovia
Anaerococcus hydrogenalis,1,0,1,Unclassified,Unclassified,1,Firmicutes,Anaerococcus
Anaerococcus lactolyticus,1,1,Unclassified,Unclassified,1,1,Firmicutes,Anaerococcus
Anaerococcus murdochii,1,0,Unclassified,1,Unclassified,1,Firmicutes,Anaerococcus
Anaerococcus obesiensis,1,0,Unclassified,Unclassified,Unclassified,1,Firmicutes,Anaerococcus
Anaerococcus octavius,1,0,1,1,Unclassified,1,Firmicutes,Anaerococcus
Anaerococcus prevotii,1,0,2,1,Unclassified,1,Firmicutes,Anaerococcus
Anaerococcus provenciensis,1,0,Unclassified,1,Unclassified,1,Firmicutes,Anaerococcus
Anaerococcus senegalensis,1,0,Unclassified,Unclassified,Unclassified,1,Firmicutes,Anaerococcus
Anaerococcus tetradius,1,0,Unclassified,Unclassified,Unclassified,1,Firmicutes,Anaerococcus
Anaerococcus urinomassiliensis,0,1,Unclassified,Unclassified,Unclassified,1,Firmicutes,Anaerococcus
Anaerococcus vaginalis,1,0,2,Unclassified,1,1,Firmicutes,Anaerococcus
Anaerosphaera aminiphila,1,0,Unclassified,Unclassified,Unclassified,1,Firmicutes,Anaerosphaera
Anaerostipes hadrus,1,0,Unclassified,Unclassified,Unclassified,1,Firmicutes,Anaerostipes
Anaerotruncus colihominis,1,0,1,1,Unclassified,1,Firmicutes,Anaerotruncus
Anaplasma phagocytophilum,1,0,1,1,Unclassified,0,Proteobacteria,Anaplasma
Arcanobacterium haemolyticum,0,1,2,1,1,0,Actinobacteria,Arcanobacterium
Arcanobacterium hippocoleae,1,0,1,Unclassified,Unclassified,0,Actinobacteria,Arcanobacterium
Arcanobacterium urinimassiliense,0,1,Unclassified,Unclassified,Unclassified,0,Actinobacteria,Arcanobacterium
Arcobacter cryaerophilus,1,0,2,1,Unclassified,0,Proteobacteria,Arcobacter
Arthrobacter albus,0,1,Unclassified,1,Unclassified,0,Actinobacteria,Arthrobacter
Arthrobacter aurescens,0,1,Unclassified,Unclassified,Unclassified,0,Actinobacteria,Arthrobacter
Arthrobacter creatinolyticus,0,1,2,1,1,0,Actinobacteria,Arthrobacter
Arthrobacter cumminsii,1,1,2,Unclassified,Unclassified,0,Actinobacteria,Arthrobacter
Arthrobacter protophormiae,0,1,Unclassified,Unclassified,Unclassified,0,Actinobacteria,Arthrobacter
Atopobium minutum,0,1,2,Unclassified,Unclassified,0,Actinobacteria,Atopobium
Atopobium parvulum,1,0,2,1,Unclassified,0,Actinobacteria,Atopobium
Atopobium vaginae,1,1,2,1,Unclassified,0,Actinobacteria,Atopobium
Bacillus cereus,0,1,2,1,1,0,Firmicutes,Bacillus
Bacillus licheniformis,0,1,1,1,Unclassified,0,Firmicutes,Bacillus
Bacillus megaterium,1,0,1,Unclassified,Unclassified,0,Firmicutes,Bacillus
Bacillus subtilis,0,1,Unclassified,1,Unclassified,0,Firmicutes,Bacillus
Bacillus thermoamylovorans,1,0,1,Unclassified,Unclassified,0,Firmicutes,Bacillus
Bacteroides coagulans,1,0,2,Unclassified,Unclassified,1,Bacteroidetes,Bacteroides
Bacteroides distasonis,0,1,2,1,1,1,Bacteroidetes,Bacteroides
Bacteroides fragilis,0,1,2,1,1,1,Bacteroidetes,Bacteroides
Bacteroides melaninogenicus,0,1,Unclassified,1,1,1,Bacteroidetes,Bacteroides
Bacteroides thetaiotaomicron,1,1,2,1,1,1,Bacteroidetes,Bacteroides
Bacteroides ureolyticus,1,0,2,1,1,1,Bacteroidetes,Bacteroides
Bacteroides vulgatus,1,1,Unclassified,1,1,1,Bacteroidetes,Bacteroides
Bartonella henselae,1,0,2,1,1,1,Proteobacteria,Bartonella
Bifidobacterium adolescentis,0,1,Unclassified,1,1,1,Actinobacteria,Bifidobacterium
Bifidobacterium bifidum,0,1,Unclassified,Unclassified,Unclassified,0,Actinobacteria,Bifidobacterium
Bifidobacterium breve,0,1,1,1,Unclassified,0,Actinobacteria,Bifidobacterium
Bifidobacterium dentium,0,1,2,1,Unclassified,1,Actinobacteria,Bifidobacterium
Bifidobacterium longum,0,1,1,1,Unclassified,0,Actinobacteria,Bifidobacterium
Bifidobacterium scardovii,0,1,1,1,1,0,Actinobacteria,Bifidobacterium
Bifidobacterium subtile,0,1,1,1,Unclassified,1,Actinobacteria,Bifidobacterium
Bilophila wadsworthia,1,0,1,1,Unclassified,1,Proteobacteria,Bilophila
Blautia hansenii,1,0,Unclassified,Unclassified,Unclassified,1,Firmicutes,Blautia
Blautia obeum,1,0,Unclassified,Unclassified,Unclassified,1,Firmicutes,Blautia
Borrelia afzeli,1,0,2,1,Unclassified,0,Spirochaetes,Borrelia
Borrelia burgdorferi,1,0,2,1,Unclassified,0,Spirochaetes,Borrelia
Brevibacillus agri,0,1,Unclassified,Unclassified,1,0,Firmicutes,Brevibacter
Brevibacillus brevis,0,1,Unclassified,Unclassified,Unclassified,0,Firmicutes,Brevibacter
Brevibacterium ravenspurgense,0,1,Unclassified,Unclassified,Unclassified,0,Actinobacteria,Brevibacterium
Brevundimonas diminuta,0,1,2,1,1,0,Proteobacteria,Brevumdimonas
Brevundimonas subvibrioides,1,0,Unclassified,Unclassified,Unclassified,0,Proteobacteria,Brevundimonas
Brevundimonas vesicularis,0,1,Unclassified,1,1,0,Proteobacteria,Brevumdimonas
Brucella abortus,0,1,3,1,1,0,Proteobacteria,Brucella
Brucella melitensis,0,1,3,1,1,0,Proteobacteria,Brucella
Budvicia aquatica,0,1,Unclassified,1,1,0,Proteobacteria,Budvicia
Burkholderia cepacia,0,1,2,1,Unclassified,0,Proteobacteria,Burkholderia
Burkholderia pseudomallei,0,1,3,1,1,0,Proteobacteria,Burkholderia
Buttiauxella gaviniae,0,1,Unclassified,Unclassified,Unclassified,0,Proteobacteria,Buttiauxella
Campylobacter coli,0,1,2,1,1,0,Proteobacteria,Campylobacter
Campylobacter hominis,1,0,1,Unclassified,Unclassified,0,Proteobacteria,Campylobacter
Campylobacter jejuni,0,1,2,1,1,0,Proteobacteria,Campylobacter
Campylobacter lari,0,1,2,1,1,0,Proteobacteria,Campylobacter
Campylobacter urealyticus,1,1,2,Unclassified,1,0,Proteobacteria,Campylobacter
Capnocytophaga ochracea,0,1,2,1,1,0,Bacteroidetes,Capnocytophaga
Cedecea davisae,0,1,2,1,Unclassified,0,Proteobacteria,Cedecea
Chlamydia trachomatis,1,1,2,1,1,0,Chlamydiae,Chlamydia
Chlamydophila pneumoniae,1,0,2,1,Unclassified,0,Chlamydiae,Chlamydophila
Christensenella minuta,1,0,Unclassified,1,Unclassified,1,Firmicutes,Christensenella
Chromobacterium violaceum,0,1,2,1,1,0,Proteobacteria,Chromobacterium
Chryseobacterium gleum,0,1,2,1,1,0,Bacteroidetes,Chryseobacteriaceae
Chryseobacterium indologenes,0,1,2,1,1,0,Bacteroidetes,Chryseobacteriaceae
Citrobacter amalonaticus,0,1,2,1,1,0,Proteobacteria,Citrobacter
Citrobacter braakii,0,1,2,1,Unclassified,0,Proteobacteria,Citrobacter
Citrobacter farmeri,0,1,2,1,Unclassified,0,Proteobacteria,Citrobacter
Citrobacter freundii,0,1,2,1,1,0,Proteobacteria,Citrobacter
Citrobacter intermedius,0,1,2,1,1,0,Proteobacteria,Citrobacter
Citrobacter koseri,0,1,2,1,1,0,Proteobacteria,Citrobacter
Citrobacter sedlakii,0,1,2,1,Unclassified,0,Proteobacteria,Citrobacter
Citrobacter werkmanii,0,1,2,Unclassified,Unclassified,0,Proteobacteria,Citrobacter
Citrobacter youngae,0,1,2,Unclassified,Unclassified,0,Proteobacteria,Citrobacter
Clostridium butyricum,1,0,1,1,Unclassified,1,Firmicutes,Clostridium
Clostridium difficile,0,1,2,1,Unclassified,1,Firmicutes,Clostridium
Clostridium perfringens,0,1,2,1,1,1,Firmicutes,Clostridium
Clostridium putrefaciens,0,1,2,Unclassified,Unclassified,1,Firmicutes,Clostridium
Clostridium ramosum,0,1,2,1,Unclassified,1,Firmicutes,Clostridium
Comamonas acidovorans,0,1,Unclassified,1,Unclassified,0,Proteobacteria,Cocamonas
Comamonas testosteroni,0,1,1,1,Unclassified,0,Proteobacteria,Cocamonas
Collinsella aerofaciens,0,1,1,Unclassified,Unclassified,1,Actinobacteria,Collinsella
Coprococcus eutactus,1,0,1,Unclassified,Unclassified,1,Firmicutes,Coprococcus
Corynebacterium accolens,0,1,2,Unclassified,Unclassified,0,Actinobacteria,Corynebacterium
Corynebacterium afermentans,0,1,2,Unclassified,Unclassified,0,Actinobacteria,Corynebacterium
Corynebacterium amycolatum,0,1,2,1,Unclassified,0,Actinobacteria,Corynebacterium
Corynebacterium appendicis,1,0,1,Unclassified,Unclassified,0,Actinobacteria,Corynebacterium
Corynebacterium aurimucosum,1,1,1,1,1,0,Actinobacteria,Corynebacterium
Corynebacterium coyleae,1,1,2,1,Unclassified,0,Actinobacteria,Corynebacterium
Corynebacterium diphteriae,0,1,2,1,1,0,Actinobacteria,Corynebacterium
Corynebacterium freneyi,0,1,2,1,Unclassified,0,Actinobacteria,Corynebacterium
Corynebacterium genitalium,0,1,Unclassified,1,Unclassified,0,Actinobacteria,Corynebacterium
Corynebacterium glucuronolyticum,1,1,2,1,1,0,Actinobacteria,Corynebacterium
Corynebacterium imitans,0,1,2,Unclassified,Unclassified,0,Actinobacteria,Corynebacterium
Corynebacterium jeikeium,0,1,2,1,Unclassified,0,Actinobacteria,Corynebacterium
Corynebacterium lipophile group F1,0,1,1,Unclassified,Unclassified,0,Actinobacteria,Corynebacterium
Corynebacterium macginleyi,0,1,2,1,Unclassified,0,Actinobacteria,Corynebacterium
Corynebacterium matruchotii,0,1,2,Unclassified,Unclassified,0,Actinobacteria,Corynebacterium
Corynebacterium minutissimum,1,1,2,1,1,0,Actinobacteria,Corynebacterium
Corynebacterium phocae,0,1,1,Unclassified,Unclassified,0,Actinobacteria,Corynebacterium
Corynebacterium pseudodiphtheriticum,0,1,2,1,Unclassified,0,Actinobacteria,Corynebacterium
Corynebacterium pseudogenitalium,1,1,2,Unclassified,1,0,Actinobacteria,Corynebacterium
Corynebacterium pyruviciproducens,1,1,2,1,Unclassified,0,Actinobacteria,Corynebacterium
Corynebacterium riegelii,1,1,2,1,1,0,Actinobacteria,Corynebacterium
Corynebacterium simulans,1,1,2,Unclassified,Unclassified,0,Actinobacteria,Corynebacterium
Corynebacterium singulare,1,0,1,Unclassified,Unclassified,0,Actinobacteria,Corynebacterium
Corynebacterium striatum,1,1,2,1,Unclassified,0,Actinobacteria,Corynebacterium
Corynebacterium tuberculostearicum,1,1,2,Unclassified,Unclassified,0,Actinobacteria,Corynebacterium
Corynebacterium tuscaniense,0,1,1,Unclassified,Unclassified,0,Actinobacteria,Corynebacterium
Corynebacterium urealyticum,1,1,2,1,1,0,Actinobacteria,Corynebacterium
Corynebacterium urinapleomorphum,0,1,Unclassified,Unclassified,Unclassified,0,Actinobacteria,Corynebacterium
Corynebacterium xerosis,0,1,2,1,Unclassified,0,Actinobacteria,Corynebacterium
Cosenzaea myxofaciens,0,1,Unclassified,1,1,0,Proteobacteria,Cosenzaea
Cronobacter sakazakii,1,1,2,1,1,0,Proteobacteria,Cronobacter
Dechloromonas agitata,1,0,1,Unclassified,Unclassified,0,Proteobacteria,Dechloromonas
Delftia acidovorans,1,1,1,1,1,0,Proteobacteria,Delftia
Dermabacter hominis,0,1,1,1,Unclassified,0,Actinobacteria,Dermabacter
Desulfovibrio fairfieldensis,1,1,1,1,1,0,Proteobacteria,Desulfovibrio
Dialister invisus,1,1,2,1,1,1,Firmicutes,Dialister
Dialister micraerophilus,0,1,Unclassified,1,Unclassified,1,Firmicutes,Dialister
Dialister pneumosintes,1,0,2,1,Unclassified,1,Firmicutes,Dialister
Diaslister propionicifaciens,1,0,Unclassified,1,Unclassified,1,Firmicutes,Dialister
Dolosigranulum pigrum,1,0,2,1,Unclassified,0,Firmicutes,Dolosigranulum
Dysgonomonas mossii,1,0,1,1,Unclassified,0,Bacteroidetes,Dysgonomonas
Edwardsiella tarda,0,1,2,1,1,0,Proteobacteria,Edwardsiella
Eggerthella lenta,0,1,2,1,Unclassified,1,Actinobacteria,Eggerthella
Eikenella corrodens,0,1,2,1,1,0,Proteobacteria,Eikenella
Elizabethkingia meningoseptica,0,1,2,1,1,0,Bacteroidetes,Elizabethkingia
Elizabethkingia miricola,0,1,1,Unclassified,Unclassified,0,Bacteroidetes,Elizabethkingia
Enhydrobacter aerosaccus,1,0,1,Unclassified,Unclassified,0,Proteobacteria,Enhydrobacter
Enterobacter amnigenus,0,1,Unclassified,1,1,0,Proteobacteria,Enterobacter
Enterobacter aerogenes,0,1,2,1,1,0,Proteobacteria,Enterobacter
Enterobacter asburiae,1,1,2,1,1,0,Proteobacteria,Enterobacter
Enterobacter cloacae,1,1,2,1,1,0,Proteobacteria,Enterobacter
Enterobacter gergoviae,0,1,2,1,Unclassified,0,Proteobacteria,Enterobacter
Enterobacter hormaechei,0,1,2,1,Unclassified,0,Proteobacteria,Enterobacter
Enterobacter kobei,0,1,2,1,1,0,Proteobacteria,Enterobacter
Enterobacter ludwigii,0,1,2,1,Unclassified,0,Proteobacteria,Enterobacter
Enterobacter sakazakii,0,1,Unclassified,Unclassified,1,0,Proteobacteria,Enterobacter
Enterobacter taylorae,0,1,2,1,1,0,Proteobacteria,Enterobacter
Enterococcus avium,0,1,2,1,1,0,Firmicutes,Enterococcus
Enterococcus casseliflavus,0,1,2,1,1,0,Firmicutes,Enterococcus
Enterococcus cecorum,0,1,2,Unclassified,Unclassified,0,Firmicutes,Enterococcus
Enterococcus durans,0,1,2,1,1,0,Firmicutes,Enterococcus
Enterococcus faecalis,1,1,2,1,1,0,Firmicutes,Enterococcus
Enterococcus faecium,1,1,2,1,1,0,Firmicutes,Enterococcus
Enterococcus gallinarum,0,1,2,1,1,0,Firmicutes,Enterococcus
Enterococcus gilvus,1,0,1,Unclassified,Unclassified,0,Firmicutes,Enterococcus
Enterococcus hirae,0,1,2,1,1,0,Firmicutes,Enterococcus
Enterococcus malodoratus,1,0,1,Unclassified,Unclassified,0,Firmicutes,Enterococcus
Enterococcus pseudoavium,0,1,2,Unclassified,Unclassified,0,Firmicutes,Enterococcus
Enterococcus raffinosus,0,1,2,Unclassified,Unclassified,0,Firmicutes,Enterococcus
Epilithonimonas tenax,1,0,1,Unclassified,Unclassified,0,Bacteroidetes,Epilithonimonas
Erwinia persicina,0,1,1,1,1,0,Proteobacteria,Erwinia
Erysipelothrix inopinata,1,0,1,Unclassified,Unclassified,0,Firmicutes,Erysipelothrix
Escherichia coli,1,1,2,1,1,0,Proteobacteria,Escherichia
Escherichia faecalis,0,1,Unclassified,1,1,0,Proteobacteria,Escherichia
Escherichia fergusonii,0,1,2,1,1,0,Proteobacteria,Escherichia
Escherichia hermannii,0,1,2,1,1,0,Proteobacteria,Escherichia
Escherichia vulneris,0,1,2,1,1,0,Proteobacteria,Escherichia
Facklamia hominis,1,1,2,1,Unclassified,0,Firmicutes,Facklamia
Facklamia ignava,1,0,Unclassified,Unclassified,1,0,Firmicutes,Facklamia
Facklamia languida,1,0,2,Unclassified,Unclassified,0,Firmicutes,Facklamia
Faecalibacterium prausnitzii,1,0,2,Unclassified,Unclassified,1,Firmicutes,Faecalibacterium
Fastidiosipila sanguinis,1,0,Unclassified,1,Unclassified,1,Firmicutes,Fastidiosipila
Fenollaria massiliensis,1,0,Unclassified,Unclassified,Unclassified,1,Firmicutes,Fenollaria
Finegoldia magna,1,1,2,1,Unclassified,1,Firmicutes,Finegoldia
Flavobacterium antarcticum,1,0,1,Unclassified,Unclassified,0,Bacteroidetes,Flavobacterium
Flindersiella endophytica,1,0,Unclassified,Unclassified,Unclassified,0,Actinobacteria,Flindersiella
Francisella tularensis,0,1,3,1,1,0,Proteobacteria,Francisella
Fusobacterium nucleatum,1,1,2,1,1,1,Fusobacteria,Fusobacterium
Gallicola barnesae,1,0,1,Unclassified,Unclassified,1,Firmicutes,Gallicola
Gardnerella vaginalis,1,1,2,1,1,0,Actinobacteria,Gardnerella
Gemella asaccharolytica,1,0,Unclassified,1,1,0,Firmicutes,Gemella
Gemella haemolysans,0,1,2,1,Unclassified,0,Firmicutes,Gemella
Gemella morbillorum,0,1,2,1,1,0,Firmicutes,Gemella
Gemella sanguinis,0,1,2,1,Unclassified,0,Firmicutes,Gemella
Globicatella sanguinis,0,1,2,1,1,0,Firmicutes,Globicatella
Gordonibacter pamelae,1,0,Unclassified,Unclassified,Unclassified,1,Actinobacteria,Gordonibacter
Gordonia terrae,0,1,2,1,1,0,Actinobacteria,Gordonia
Granulicatella adiacens,0,1,2,Unclassified,Unclassified,0,Firmicutes,Granulicatella
Granulicatella elegans,1,0,2,Unclassified,Unclassified,0,Firmicutes,Granulicatella
Haemophilus influenzae,1,1,2,1,1,0,Proteobacteria,Haemophilus
Haemophilus parainfluenzae,1,1,2,1,1,0,Proteobacteria,Haemophilus
Hafnia alvei,0,1,2,1,1,0,Proteobacteria,Hafnia
Helcococcus seattlensis,1,1,Unclassified,1,1,0,Firmicutes,Helcococcus
Helicobacter cinaedi,0,1,2,1,1,0,Proteobacteria,Helicobacter
Helicobacter pylori,1,0,2,1,Unclassified,0,Proteobacteria,Helicobacter
Howardella ureilytica,1,0,1,Unclassified,Unclassified,1,Firmicutes,Howardella
Ilyobacter polytropus,1,0,1,Unclassified,Unclassified,1,Fusobacteria,Ilyobacter
Jeotgalicoccus psychrophilus,1,0,1,Unclassified,Unclassified,0,Firmicutes,Jeotgalicoccus
Kandleria vitulina,1,0,Unclassified,Unclassified,Unclassified,0,Firmicutes,Kandleria
Kerstersia gyiorum,0,1,2,1,1,1,Proteobacteria,Kerstersia
Kingella kingae,0,1,2,1,1,0,Proteobacteria,Kingella
Kingella potus,1,0,1,1,Unclassified,0,Proteobacteria,Kingella
Klebsiella ascorbata,0,1,2,Unclassified,Unclassified,0,Proteobacteria,Klebsiella
Klebsiella kluyvera,0,1,2,Unclassified,Unclassified,0,Proteobacteria,Klebsiella
Klebsiella oxytoca,0,1,2,1,1,0,Proteobacteria,Klebsiella
Klebsiella ozaenae,0,1,2,1,1,0,Proteobacteria,Klebsiella
Klebsiella pneumoniae,1,1,2,1,1,0,Proteobacteria,Klebsiella
Kluyvera ascorbata,0,1,2,1,1,0,Proteobacteria,Kluyvera
Kluyvera cryocrescens,0,1,2,1,Unclassified,0,Proteobacteria,Kluyvera
Kluyvera intermedia,0,1,2,1,1,0,Proteobacteria,Kluyvera
Kocuria kristinae,0,1,Unclassified,1,1,0,Actinobacteria,Kocuria
Kocuria rhizophila,0,1,Unclassified,1,Unclassified,0,Actinobacteria,Kocuria
Lachnoclostridium urinimassiliense,0,1,Unclassified,Unclassified,Unclassified,1,Firmicutes,Lachnoclostridium
Lactobacillus acidophilus,1,0,1,Unclassified,Unclassified,0,Firmicutes,Lactobacillus
Lactobacillus casei,0,1,1,Unclassified,Unclassified,0,Firmicutes,Lactobacillus
Lactobacillus coleohominis,1,1,Unclassified,Unclassified,Unclassified,0,Firmicutes,Lactobacillus
Lactobacillus crispatus,1,1,1,Unclassified,Unclassified,0,Firmicutes,Lactobacillus
Lactobacillus delbrueckii,0,1,Unclassified,Unclassified,1,0,Firmicutes,Lactobacillus
Lactobacillus fermentum,0,1,1,Unclassified,Unclassified,0,Firmicutes,Lactobacillus
Lactobacillus fornicalis,1,0,1,Unclassified,Unclassified,0,Firmicutes,Lactobacillus
Lactobacillus gasseri,1,1,1,1,1,0,Firmicutes,Lactobacillus
Lactobacillus iners,1,1,Unclassified,Unclassified,1,0,Firmicutes,Lactobacillus
Lactobacillus jensenii,1,1,1,1,1,0,Firmicutes,Lactobacillus
Lactobacillus johnsonii,0,1,1,Unclassified,Unclassified,0,Firmicutes,Lactobacillus
Lactobacillus plantarum,0,1,1,1,Unclassified,0,Firmicutes,Lactobacillus
Lactobacillus rhamnosus,0,1,2,1,Unclassified,0,Firmicutes,Lactobacillus
Lactobacillus vaginalis,1,1,1,1,Unclassified,0,Firmicutes,Lactobacillus
Lactococcus garvieae,1,1,2,1,Unclassified,0,Firmicutes,Lactococcus
Lactococcus lactis,0,1,1,Unclassified,Unclassified,0,Firmicutes,Lactococcus
Leclercia adecarboxylata,0,1,2,1,1,0,Proteobacteria,Leclercia
Legionella dresdeniensis,1,0,Unclassified,Unclassified,Unclassified,0,Proteobacteria,Legionella
Legionella londiniensis,1,0,1,Unclassified,Unclassified,0,Proteobacteria,Legionella
Legionella yabuuchiae,1,0,1,Unclassified,Unclassified,0,Proteobacteria,Legionella
Leifsonia aquatica,0,1,Unclassified,Unclassified,1,0,Actinobacteria,Leifsonia
Leminorella grimontii,0,1,Unclassified,Unclassified,1,0,Proteobacteria,Leminorella
Leptospira interrogans,1,1,2,1,Unclassified,0,spirochaetes,Leptospira
Leptotrichia amnionii,1,1,Unclassified,1,1,0,Fusobacteria,Leptotrichia
Levyella massiliensis,1,0,Unclassified,Unclassified,Unclassified,Unclassified,Firmicutes,Levyella
Leuconostoc mesenteroides,0,1,Unclassified,1,1,0,Firmicutes,Leuconostoc
Leuconostoc pseudomesenteroides,0,1,Unclassified,1,1,0,Firmicutes,Leuconostoc
Listeria monocytogenes,0,1,2,1,1,0,Firmicutes,Listeria
Macellibacteroides fermentans,1,0,Unclassified,Unclassified,Unclassified,1,Bacteroidetes,Macellibacteroides
Mageeibacillus indolicus,1,0,Unclassified,1,Unclassified,1,Firmicutes,Mageeibacillus
Mannheimia haemolytica,1,1,2,1,1,0,Proteobacteria,Mannheimia
Megasphaera elsdenii,1,0,2,1,Unclassified,1,Firmicutes,Megasphaera
Mesoflavibacter zeaxanthinifaciens,1,0,Unclassified,Unclassified,Unclassified,0,Bacteroidetes,Mesoflavibacter
Methylobacillus pratensis,1,0,1,Unclassified,Unclassified,0,Proteobacteria,Methylobacillus
Methylobacterium zatmanii,1,0,1,1,Unclassified,0,Proteobacteria,Methylobacterium
Methylotenera mobilis,1,0,1,Unclassified,Unclassified,0,Proteobacteria,Methylotenera
Microbacterium lacticum,0,1,Unclassified,Unclassified,Unclassified,0,Actinobacteria,Microbacterium
Microbacterium oxydans,0,1,Unclassified,1,Unclassified,0,Actinobacteria,Microbacterium
Microbacterium paraoxydans,0,1,Unclassified,1,Unclassified,0,Actinobacteria,Microbacterium
Microbacterium testaceum,0,1,Unclassified,Unclassified,Unclassified,0,Actinobacteria,Microbacterium
Micrococcus luteus,0,1,1,1,Unclassified,0,Actinobacteria,Micrococcus
Micrococcus lylae,0,1,1,Unclassified,Unclassified,0,Actinobacteria,Micrococcus
Microvirga floculens,1,0,Unclassified,Unclassified,Unclassified,1,Proteobacteria,Microvirga
Mobiluncus curtisii,1,1,2,1,Unclassified,1,Actinobacteria,Mobiluncus
Moraxella catarrhalis,0,1,2,1,1,0,Proteobacteria,Moraxella
Moraxella liquefaciens,0,1,2,1,Unclassified,0,Proteobacteria,Moraxella
Moraxella nonliquefaciens,0,1,2,1,1,0,Proteobacteria,Moraxella
Moraxella osloensis,1,1,2,1,Unclassified,0,Proteobacteria,Moraxella
Morganella morganii,0,1,2,1,1,0,Proteobacteria,Morganella
Mycobacterium abscessus,0,1,2,1,Unclassified,0,Actinobacteria,Mycobacterium
Mycobacterium africanum,0,1,3,1,Unclassified,0,Actinobacteria,Mycobacterium
Mycobacterium avium,0,1,2,1,1,0,Actinobacteria,Mycobacterium
Mycobacterium bovis,0,1,3,1,1,0,Actinobacteria,Mycobacterium
Mycobacterium chelonae,0,1,2,1,1,0,Actinobacteria,Mycobacterium
Mycobacterium flavescens,0,1,2,1,Unclassified,0,Actinobacteria,Mycobacterium
Mycobacterium fortuitum,0,1,2,1,1,0,Actinobacteria,Mycobacterium
Mycobacterium gordonae,0,1,2,1,1,0,Actinobacteria,Mycobacterium
Mycobacterium hassiacum,0,1,2,1,Unclassified,0,Actinobacteria,Mycobacterium
Mycobacterium intracellulare,0,1,2,1,1,0,Actinobacteria,Mycobacterium
Mycobacterium kensasii,0,1,2,1,1,0,Actinobacteria,Mycobacterium
Mycobacterium lentiflavum,0,1,2,1,Unclassified,0,Actinobacteria,Mycobacterium
Mycobacterium leprae,1,0,3,1,Unclassified,0,Actinobacteria,Mycobacterium
Mycobacterium malmoense,0,1,2,1,Unclassified,0,Actinobacteria,Mycobacterium
Mycobacterium marinum,0,1,2,1,1,0,Actinobacteria,Mycobacterium
Mycobacterium neoaurum,0,1,2,1,1,0,Actinobacteria,Mycobacterium
Mycobacterium scrofulaceum,0,1,2,1,1,0,Actinobacteria,Mycobacterium
Mycobacterium simiae,0,1,2,1,1,0,Actinobacteria,Mycobacterium
Mycobacterium smegmatis,0,1,2,1,Unclassified,0,Actinobacteria,Mycobacterium
Mycobacterium szulgai,0,1,2,1,1,0,Actinobacteria,Mycobacterium
Mycobacterium terrae,0,1,2,1,1,0,Actinobacteria,Mycobacterium
Mycobacterium tuberculosis,0,1,3,1,1,0,Actinobacteria,Mycobacterium
Mycobacterium xenopi,0,1,2,1,1,0,Actinobacteria,Mycobacterium
Mycoplasma fermentans,1,1,2,1,1,0,Tenericutes,Mycoplasma
Mycoplasma genitalium,0,1,2,1,1,0,Tenericutes,Mycoplasma
Mycoplasma hominis,1,1,2,1,1,0,Tenericutes,Mycoplasma
Mycoplasma penetrans,0,1,2,1,1,0,Tenericutes,Mycoplasma
Mycoplasma pirum,0,1,2,Unclassified,Unclassified,0,Tenericutes,Mycoplasma
Mycoplasma pneumoniae,1,0,2,1,Unclassified,0,Tenericutes,Mycoplasma
Mycoplasma primatum,0,1,1,Unclassified,Unclassified,0,Tenericutes,Mycoplasma
Myroides injenensis,0,1,Unclassified,Unclassified,Unclassified,0,Bacteroidetes,Myroides
Myroides odoratimimus,0,1,2,1,1,0,Bacteroidetes,Myroides
Nanobacterium sanguineum,0,1,Unclassified,Unclassified,Unclassified,0,UNCLASSIFIED,UNCLASSIFIED
Negativicoccus succinicivorans,1,0,Unclassified,Unclassified,Unclassified,1,Firmicutes,Negativicoccus
Neisseria cinerea,0,1,2,1,1,0,Proteobacteria,Neisseria
Neisseria flavescens,1,0,2,1,Unclassified,0,Proteobacteria,Neisseria
Neisseria gonorrhoeae,1,1,2,1,1,0,Proteobacteria,Neisseria
Neisseria meningitidis,0,1,2,1,1,0,Proteobacteria,Neisseria
Neisseria mucosa,0,1,2,1,1,0,Proteobacteria,Neisseria
Neisseria perflava,0,1,2,1,Unclassified,0,Proteobacteria,Neisseria
Neisseria polysaccharea,0,1,2,1,1,0,Proteobacteria,Neisseria
Neisseria sicca,0,1,2,1,Unclassified,0,Proteobacteria,Neisseria
Neisseria subflava,0,1,2,1,Unclassified,0,Proteobacteria,Neisseria
Nocardia asteroides,0,1,2,1,1,0,Actinobacteria,Nocardia
Nocardia farcinica,0,1,2,1,1,0,Actinobacteria,Nocardia
Nocardia otitidiscaviarum,0,1,2,1,1,0,Actinobacteria,Nocardia
Nocardia veterana,0,1,2,Unclassified,1,0,Actinobacteria,Nocardia
Nosocomiicoccus ampullae,1,1,Unclassified,Unclassified,Unclassified,0,Firmicutes,Nosocomiicoccus
Oblitimonas alkaliphila,0,1,Unclassified,Unclassified,Unclassified,0,Proteobacteria,Oblitimonas
Ochrobactrum tritici,1,0,1,Unclassified,Unclassified,0,Proteobacteria,Ochrobactrum
Oligella ureolytica,0,1,2,Unclassified,1,0,Proteobacteria,Oligella
Oligella urethralis,1,1,2,Unclassified,1,0,Proteobacteria,Oligella
Olsenella urininfantis,0,1,Unclassified,Unclassified,Unclassified,1,Actinobacteria,Olsenella
Orentia tsutsugamushi,1,0,3,1,Unclassified,0,Proteobacteria,Orentia
Paenibacillus alvei,0,1,Unclassified,Unclassified,1,0,Firmicutes,Paenibacillus
Paenibacillus amylolyticus,0,1,Unclassified,Unclassified,Unclassified,0,Firmicutes,Paenibacillus
Paenibacillus urinalis,0,1,Unclassified,Unclassified,Unclassified,0,Firmicutes,Paenibacillus
Pantoea agglomerans,0,1,2,1,1,0,Proteobacteria,Pantoea
Pantoea calida,0,1,Unclassified,Unclassified,Unclassified,0,Proteobacteria,Pantoea
Pantoea dispersa,0,1,1,Unclassified,Unclassified,0,Proteobacteria,Pantoea
Pantoea septica,0,1,Unclassified,Unclassified,Unclassified,0,Proteobacteria,Pantoea
Parachlamydia acanthamoebae,1,0,1,1,Unclassified,Unclassified,Chlamydiae,Parachlamydia
Paraclostridium bifermentans,1,0,Unclassified,Unclassified,Unclassified,1,Firmicutes,Paraclostridium
Parasutterella excretimentihominis,1,0,Unclassified,Unclassified,Unclassified,1,Proteobacteria,Parasutterella
Pasteurella aerogenes,0,1,2,1,Unclassified,0,Proteobacteria,Pasteurella
Pasteurella bettyae,0,1,2,1,1,0,Proteobacteria,Pasteurella
Pasteurella multocida,0,1,2,1,1,0,Proteobacteria,Pasteurella
Pedobacter rhizospharae,1,0,Unclassified,Unclassified,Unclassified,0,Bacteroidetes,Pedobacter
Pediococcus acidilactici,0,1,1,Unclassified,Unclassified,0,Firmicutes,Pediococcus
Pediococcus pentosaceus,0,1,1,Unclassified,1,0,Firmicutes,Pediococcus
Peptococcus niger,1,1,2,1,Unclassified,1,Firmicutes,Peptococcus
Peptoniphilus asaccharolyticus,0,1,2,Unclassified,1,1,Firmicutes,peptoniphilus
Peptoniphilus coxii,1,0,Unclassified,1,Unclassified,1,Firmicutes,Peptoniphilus
Peptoniphilus gorbachii,1,0,Unclassified,Unclassified,Unclassified,1,Firmicutes,Peptoniphilus
Peptoniphilus harei,1,1,2,Unclassified,Unclassified,1,Firmicutes,peptoniphilus
Peptoniphilus urinimassiliensis,0,1,Unclassified,Unclassified,Unclassified,1,Firmicutes,peptoniphilus
Peptostreptococcus anaerobius,1,1,2,1,Unclassified,1,Firmicutes,Peptostreptococcus
Peptostreptococcus micros,0,1,Unclassified,1,Unclassified,1,Firmicutes,Peptostreptococcus
Photobacterium damselae,0,1,2,1,1,0,Proteobacteria,Photobacterium
Porphyromonas bennonis,1,0,Unclassified,Unclassified,Unclassified,1,Bacteroidetes,Porphyromonas
Porphyromonas circumdentaria,1,0,2,1,Unclassified,1,Bacteroidetes,Porphyromonas
Porphyromonas somerae,1,1,2,Unclassified,1,1,Bacteroidetes,Porphyromonas
Porphyromonas uenonis,1,0,2,1,Unclassified,1,Bacteroidetes,Porphyromonas
Prevotella bergensis,1,0,2,Unclassified,Unclassified,1,Bacteroidetes,Prevotella
Prevotella bivia,1,1,2,1,Unclassified,1,Bacteroidetes,Prevotella
Prevotella buccalis,1,0,2,1,1,1,Bacteroidetes,Prevotella
Prevotella corporis,1,0,2,1,Unclassified,1,Bacteroidetes,Prevotella
Prevotella disiens,1,0,2,Unclassified,Unclassified,1,Bacteroidetes,Prevotella
Prevotella melaninogenica,1,1,2,1,1,1,Bacteroidetes,Prevotella
Prevotella ruminicola,1,0,2,1,1,1,Bacteroidetes,Prevotella
Prevotella timonensis,1,1,2,Unclassified,Unclassified,1,Bacteroidetes,Prevotella
Propionibacterium acnes,1,1,2,1,Unclassified,0,Actinobacteria,Propionibacterium
Propionibacterium avidum,0,1,2,1,Unclassified,0,Actinobacteria,Propionibacterium
Propionibacterium propionicum,0,1,2,1,Unclassified,0,Actinobacteria,Propionibacterium
Propionicicella superfundia,1,0,1,Unclassified,Unclassified,0,Actinobacteria,Propionicicella
Propionimicrobium lymphophilum,1,1,2,1,1,0,Actinobacteria,Propionimicrobium
Propionispira arcuata,1,0,Unclassified,Unclassified,Unclassified,1,Firmicutes,Propionispira
Proteus inconstans,0,1,2,1,Unclassified,0,Proteobacteria,Proteus
Proteus mirabilis,1,1,2,1,1,0,Proteobacteria,Proteus
Proteus penneri,0,1,2,1,1,0,Proteobacteria,Proteus
Proteus vulgaris,1,1,2,1,1,0,Proteobacteria,Proteus
Providencia alcalifaciens,0,1,2,1,1,0,Proteobacteria,Providencia
Providencia rettgeri,0,1,2,1,1,0,Proteobacteria,Providencia
Providencia stuartii,0,1,2,1,1,0,Proteobacteria,Providencia
Pseudoclavibacter alba,0,1,Unclassified,Unclassified,Unclassified,0,Actinobacteria,Pseudoclavibacter
Pseudoglutamicibacter albus,1,0,Unclassified,Unclassified,Unclassified,0,Actinobacteria,Pseudoglutamicibacter
Pseudomonas aeruginosa,1,1,2,1,1,0,Proteobacteria,Pseudomonas
Pseudomonas alcaligenes,0,1,2,1,Unclassified,0,Proteobacteria,Pseudomonas
Pseudomonas denitrificans,1,0,Unclassified,Unclassified,Unclassified,0,Proteobacteria,Pseudomonas
Pseudomonas fluorescens,1,1,2,Unclassified,1,0,Proteobacteria,Pseudomonas
Pseudomonas luteola,0,1,2,1,1,0,Proteobacteria,Pseudomonas
Pseudomonas mendocina,0,1,2,1,Unclassified,0,Proteobacteria,Pseudomonas
Pseudomonas monteilii,0,1,2,Unclassified,Unclassified,0,Proteobacteria,Pseudomonas
Pseudomonas mosselii,0,1,2,Unclassified,Unclassified,0,Proteobacteria,Pseudomonas
Pseudomonas oryzihabitans,0,1,2,1,1,0,Proteobacteria,Pseudomonas
Pseudomonas poae,1,0,1,Unclassified,Unclassified,0,Proteobacteria,Pseudomonas
Pseudomonas putida,0,1,2,Unclassified,Unclassified,0,Proteobacteria,Pseudomonas
Pseudomonas reactans,1,0,Unclassified,Unclassified,Unclassified,0,Proteobacteria,Pseudomonas
Pseudomonas stutzeri,1,1,2,Unclassified,1,0,Proteobacteria,Pseudomonas
Pseudomonas trivialis,1,0,1,Unclassified,Unclassified,0,Proteobacteria,Pseudomonas
Pseudoramibacter alactolyticus,1,0,2,1,Unclassified,1,Proteobacteria,Pseudoramibacter
Psychrobacter phenylpyruvicus,0,1,2,1,Unclassified,0,Proteobacteria,Psychrobacter
Rahnella aquatilis,1,1,Unclassified,Unclassified,1,0,Proteobacteria,Rahnella
Ralstonia pickettii,0,1,2,Unclassified,Unclassified,0,Proteobacteria,Ralstonia
Raoultella ornithinolytica,1,1,2,1,1,0,Proteobacteria,Raoultella
Raoultella planticola,0,1,1,Unclassified,1,0,Proteobacteria,Raoultella
Raoultella terrigena,0,1,Unclassified,Unclassified,1,0,Proteobacteria,Raoultella
Rhizobium radiobacter,0,1,Unclassified,Unclassified,1,0,Proteobacteria,Rhizobium
Rhodanobacter terrae,1,0,1,Unclassified,Unclassified,0,Proteobacteria,Rhodanobacter
Rickettsia japonica,0,1,3,1,Unclassified,0,Proteobacteria,Rickettsia
Roseburia inulinivorans,1,0,Unclassified,Unclassified,Unclassified,1,Firmicutes,Roseburia
Rothia dentocariosa,0,1,2,Unclassified,Unclassified,0,Actinobacteria,Rothia
Rothia mucilaginosa,1,1,2,Unclassified,1,0,Actinobacteria,Rothia
Ruminococcus bromii,1,0,1,Unclassified,Unclassified,1,Firmicutes,Ruminococcus
Ruminococcus flavefaciens,1,0,1,Unclassified,Unclassified,1,Firmicutes,Ruminococcus
Saccharomonospora guangxiensis,1,0,Unclassified,Unclassified,Unclassified,0,UNCLASSIFIED,Saccharomonospora
Salmonella choleraesuis,0,1,2,1,Unclassified,0,Proteobacteria,Salmonella
Salmonella enterica,0,1,2,1,1,0,Proteobacteria,Salmonella
Salmonella newport,0,1,2,Unclassified,1,0,Proteobacteria,Salmonella
Salmonella paratyphi,0,1,2,1,Unclassified,0,Proteobacteria,Salmonella
Salmonella typhi,0,1,3,1,Unclassified,0,Proteobacteria,Salmonella
Salmonella typhimurium,0,1,2,1,1,0,Proteobacteria,Salmonella
Serratia fonticola,0,1,Unclassified,Unclassified,Unclassified,0,Proteobacteria,Serratia
Serratia liquefaciens,1,1,2,1,Unclassified,0,Proteobacteria,Serratia
Serratia marcescens,1,1,2,1,1,0,Proteobacteria,Serratia
Serratia quinivorans,1,0,1,Unclassified,Unclassified,0,Proteobacteria,Serratia
Serratia rubidaea,0,1,Unclassified,Unclassified,Unclassified,0,Proteobacteria,Serratia
Serratia odorifera,0,1,1,Unclassified,Unclassified,0,Proteobacteria,Serratia
Shewanella putrefaciens,0,1,2,Unclassified,Unclassified,0,Proteobacteria,Shewanella
Shigella dysenteriae,1,1,3,1,1,0,Proteobacteria,Shigella
Shigella flexneri,0,1,2,1,1,0,Proteobacteria,Shigella
Shigella sonnei,0,1,2,1,1,0,Proteobacteria,Shigella
Simplicispira psychrophila,1,0,1,Unclassified,Unclassified,0,Proteobacteria,Simplicispira
Slackia exigua,0,1,2,Unclassified,Unclassified,1,Actinobacteria,Slackia
Sneathia sanguinegens,1,0,1,1,Unclassified,1,Fusobacteria,Sneathia
Sphingobium xanthum,1,0,Unclassified,Unclassified,Unclassified,0,Proteobacteria,Sphingobium
Sphingomonas paucimobilis,0,1,2,1,1,0,Proteobacteria,Sphingomonas
Sporolactobacillus inulinus,1,0,1,Unclassified,Unclassified,0,Firmicutes,Sporolactobacillus
Staphylococcus aureus,1,1,2,1,1,0,Firmicutes,Staphylococcus
Staphylococcus capitis,0,1,2,1,Unclassified,0,Firmicutes,Staphylococcus
Staphylococcus caprae,0,1,2,1,1,0,Firmicutes,Staphylococcus
Staphylococcus chromogenes,0,1,Unclassified,Unclassified,Unclassified,0,Firmicutes,Staphylococcus
Staphylococcus cohnii,0,1,1,Unclassified,1,0,Firmicutes,Staphylococcus
Staphylococcus croceolyticus,1,1,Unclassified,Unclassified,Unclassified,0,Firmicutes,Staphylococcus
Staphylococcus epidermidis,1,1,2,1,1,0,Firmicutes,Staphylococcus
Staphylococcus haemolyticus,1,1,2,1,1,0,Firmicutes,Staphylococcus
Staphylococcus hominis,1,1,2,1,1,0,Firmicutes,Staphylococcus
Staphylococcus hyicus,0,1,2,1,1,0,Firmicutes,Staphylococcus
Staphylococcus jettensis,0,1,Unclassified,Unclassified,Unclassified,0,Firmicutes,Staphylococcus
Staphylococcus lentus,0,1,Unclassified,Unclassified,1,0,Firmicutes,Staphylococcus
Staphylococcus lugdunensis,0,1,2,1,1,0,Firmicutes,Staphylococcus
Staphylococcus nepalensis,0,1,Unclassified,Unclassified,Unclassified,0,Firmicutes,Staphylococcus
Staphylococcus pasteuri,1,0,2,1,Unclassified,0,Firmicutes,Staphylococcus
Staphylococcus petrasii,0,1,Unclassified,Unclassified,1,0,Firmicutes,Staphylococcus
Staphylococcus saprophyticus,0,1,2,1,1,0,Firmicutes,Staphylococcus
Staphylococcus schleiferi,0,1,2,Unclassified,1,0,Firmicutes,Staphylococcus
Staphylococcus sciuri,0,1,Unclassified,Unclassified,1,0,Firmicutes,Staphylococcus
Staphylococcus simulans,0,1,Unclassified,Unclassified,Unclassified,0,Firmicutes,Staphylococcus
Staphylococcus vitulinus,0,1,Unclassified,Unclassified,Unclassified,0,Firmicutes,Staphylococcus
Staphylococcus warneri,0,1,2,1,1,0,Firmicutes,Staphylococcus
Staphylococcus xylosus,0,1,Unclassified,1,1,0,Firmicutes,Staphylococcus
Stenotrophomonas maltophilia,1,1,2,1,Unclassified,0,Proteobacteria,Stenotrophomonas
Streptococcus acidominimus,0,1,2,1,Unclassified,0,Firmicutes,Streptococcus
Streptococcus agalactiae,1,1,2,1,1,0,Firmicutes,Streptococcus
Streptococcus anginosus,1,1,2,1,1,0,Firmicutes,Streptococcus
Streptococcus bovis,0,1,2,1,Unclassified,0,Firmicutes,Streptococcus
Streptococcus canis,0,1,2,1,Unclassified,0,Firmicutes,Streptococcus
Streptococcus constellatus,0,1,2,1,Unclassified,0,Firmicutes,Streptococcus
Streptococcus cristatus,0,1,2,Unclassified,Unclassified,0,Firmicutes,Streptococcus
Streptococcus dysgalactiae,1,1,2,1,1,0,Firmicutes,Streptococcus
Streptococcus equinus,0,1,2,1,1,0,Firmicutes,Streptococcus
Streptococcus gallolyticus,0,1,2,1,1,0,Firmicutes,Streptococcus
Streptococcus gordonii,0,1,2,Unclassified,Unclassified,0,Firmicutes,Streptococcus
Streptococcus intermedius,1,1,2,1,Unclassified,0,Firmicutes,Streptococcus
Streptococcus milleri,0,1,2,Unclassified,Unclassified,0,Firmicutes,Streptococcus
Streptococcus mitis,1,1,2,1,1,0,Firmicutes,Streptococcus
Streptococcus mutans,0,1,2,1,Unclassified,0,Firmicutes,Streptococcus
Streptococcus oralis,0,1,2,1,Unclassified,0,Firmicutes,Streptococcus
Streptococcus parasanguinis,0,1,2,1,Unclassified,0,Firmicutes,Streptococcus
Streptococcus pasteurianus,0,1,2,Unclassified,Unclassified,0,Firmicutes,Streptococcus
Streptococcus porcinus,0,1,2,1,1,0,Firmicutes,Streptococcus
Streptococcus pneumoniae,1,1,2,1,1,0,Firmicutes,Streptococcus
Streptococcus pseudopneumoniae,0,1,2,Unclassified,Unclassified,0,Firmicutes,Streptococcus
Streptococcus pseudoporcinus,0,1,2,Unclassified,Unclassified,0,Firmicutes,Streptococcus
Streptococcus pyogenes,0,1,2,1,1,0,Firmicutes,Streptococcus
Streptococcus salivarius,1,1,2,1,Unclassified,0,Firmicutes,Streptococcus
Streptococcus sanguinis,0,1,2,1,Unclassified,0,Firmicutes,Streptococcus
Streptococcus thermophilus,1,0,2,Unclassified,Unclassified,0,Firmicutes,Streptococcus
Streptococcus uberis,0,1,2,1,Unclassified,0,Firmicutes,Streptococcus
Streptococcus urinalis,0,1,2,Unclassified,Unclassified,0,Firmicutes,Streptococcus
Streptococcus vestibularis,0,1,2,Unclassified,Unclassified,0,Firmicutes,Streptococcus
Streptococcus viridans,0,1,2,1,1,0,Firmicutes,Streptococcus
Streptomyces albogriseolus,1,0,1,Unclassified,Unclassified,0,Actinobacteria,Streptomyces
Sutterella stercoricanis,1,0,1,Unclassified,Unclassified,1,Proteobacteria,Sutterella
Tamaricihabitans halophyticus,1,0,Unclassified,Unclassified,Unclassified,0,Actinobacteria,Tamaricihabitans
Tepidibacillus fermentans,1,0,Unclassified,Unclassified,Unclassified,1,Firmicutes,Tepidibacillus
Tolumonas auensis,1,0,1,Unclassified,Unclassified,0,Proteobacteria,Tolumonas
Treponema pallidum,1,0,2,1,Unclassified,0,Spirochaetes,Treponema
Tropherima whipplei,1,0,2,1,Unclassified,0,Actinobacteria,Tropheryma
Trueperella bernardiae,0,1,Unclassified,1,1,0,Actinobacteria,Trueperella
Turicibacter sanguinis,1,0,1,Unclassified,Unclassified,1,Firmicutes,Turicibacter
Ureaplasma parvum,1,0,2,1,Unclassified,0,Tenericutes,Ureaplasma
Ureaplasma urealyticum,1,1,2,1,Unclassified,0,Tenericutes,Ureaplasma
Urinacoccus massiliensis,0,1,Unclassified,Unclassified,Unclassified,1,Firmicutes,Urinacoccus
Varibaculum cambriense,1,0,Unclassified,1,Unclassified,1,Actinobacteria,Varibaculum
Veillonella montpellierensis,1,0,1,1,Unclassified,1,Firmicutes,Veillonella
Veillonella parvula,0,1,2,1,1,1,Firmicutes,Veillonella
Vibrio cholerae,0,1,2,1,1,0,Proteobacteria,Vibrio
Vibrio fluvalis,0,1,2,Unclassified,Unclassified,0,Proteobacteria,Vibrio
Vibrio vulnificus,1,0,2,1,Unclassified,0,Proteobacteria,Vibrio
Waddlia chondrophila,1,0,2,1,Unclassified,0,Chlamydiae,Waddlia
Wautersiella falsenii,0,1,Unclassified,Unclassified,1,0,Bacteroidetes,Wautersiella
Weeksella massiliensis,0,1,Unclassified,Unclassified,Unclassified,0,Bacteroidetes,Weeksella
Wolinella succinogenes,1,0,1,1,Unclassified,0,Proteobacteria,Wolinella
Xanthomonas arboricola,0,1,2,Unclassified,Unclassified,1,Proteobacteria,Xanthomonas
Yersinia enterocolitica,0,1,2,1,Unclassified,0,Proteobacteria,Yersinia
Yersinia intermedia,1,1,2,Unclassified,Unclassified,0,Proteobacteria,Yersinia
Yersinia kristensenii,1,0,2,Unclassified,Unclassified,0,Proteobacteria,Yersinia
Yersinia pseudotuberculosis,1,1,2,1,1,0,Proteobacteria,Yersinia
